任务ID,名称,工序,批次,首批序,资产ID,场次,前置任务,验收条件,英文提示词,状态,拟定文件名
MB-C01-FACE,顾砚共用古代身份｜正脸身份,MJ,A,1,C01;C02,GJ-EP01-SC01;GJ-EP01-SC02;GJ-EP01-SC03;GJ-EP01-SC04;GJ-EP01-SC05;GJ-EP01-SC06;GJ-EP02-SC01;GJ-EP02-SC02;GJ-EP02-SC05;GJ-EP03-SC01;GJ-EP03-SC02;GJ-EP03-SC03;GJ-EP03-SC04;GJ-EP03-SC05,,同脸覆盖C01／C02；24岁长鹅蛋脸、平直浓眉、暖麦肤；不随意识变脸,"Single fictional Chinese man, age 24, a long oval face, defined cheekbones, thick straight brows, slender almond dark-brown eyes with shallow inner folds, straight nose, defined cupid's bow, slightly fuller lower lip, warm wheat skin, clean-shaven, tall lean athletic build. long black hair in one neat topknot with a plain dark wooden pin. fitted ink-blue cross-collar travel robe, smoky-gray inner collar, dense cotton twill and fine wool, narrow sleeves, plain belt. Front-facing head-and-shoulders portrait, neutral relaxed expression, unobstructed face, soft even face light. Plain warm-gray studio background, one subject, one frame. Lavish, high-end Chinese costume idol drama aesthetic, refined casting and fitted costume construction, luminous directional face modelling, natural skin texture, rich translucent color, readable dark fabrics. --ar 3:4 --v 8.2 --raw --s 75 --c 0",ready_for_exploration,MB-C01-FACE__v01__candidate.png
MB-C01-FULL,顾砚共用古代身份｜全身干衣,MJ,A,,C01;C02,GJ-EP01-SC01;GJ-EP01-SC02;GJ-EP01-SC03;GJ-EP01-SC04;GJ-EP01-SC05;GJ-EP01-SC06;GJ-EP02-SC01;GJ-EP02-SC02;GJ-EP02-SC05;GJ-EP03-SC01;GJ-EP03-SC02;GJ-EP03-SC03;GJ-EP03-SC04;GJ-EP03-SC05,MB-C01-FACE,同脸覆盖C01／C02；24岁长鹅蛋脸、平直浓眉、暖麦肤；不随意识变脸；衣型、体量和脸沿已选母版；干衣无新伤,"Single fictional Chinese man, age 24, a long oval face, defined cheekbones, thick straight brows, slender almond dark-brown eyes with shallow inner folds, straight nose, defined cupid's bow, slightly fuller lower lip, warm wheat skin, clean-shaven, tall lean athletic build. long black hair in one neat topknot with a plain dark wooden pin. fitted ink-blue cross-collar travel robe, smoky-gray inner collar, dense cotton twill and fine wool, narrow sleeves, plain belt. Front-facing full-length standing costume study, both hands relaxed and visible, feet included. Plain warm-gray studio background, one subject, one frame. Lavish, high-end Chinese costume idol drama aesthetic, refined casting and fitted costume construction, luminous directional face modelling, natural skin texture, rich translucent color, readable dark fabrics. --ar 2:3 --v 8.2 --raw --s 75 --c 0",awaiting_parent_selection,MB-C01-FULL__v01__candidate.png
MB-C01-PROFILE,顾砚共用古代身份｜侧脸,MJ,A,,C01;C02,GJ-EP01-SC01;GJ-EP01-SC02;GJ-EP01-SC03;GJ-EP01-SC04;GJ-EP01-SC05;GJ-EP01-SC06;GJ-EP02-SC01;GJ-EP02-SC02;GJ-EP02-SC05;GJ-EP03-SC01;GJ-EP03-SC02;GJ-EP03-SC03;GJ-EP03-SC04;GJ-EP03-SC05,MB-C01-FACE,同脸覆盖C01／C02；24岁长鹅蛋脸、平直浓眉、暖麦肤；不随意识变脸；只改视角，耳鼻下颌与选脸同源,"Single fictional Chinese man, age 24, a long oval face, defined cheekbones, thick straight brows, slender almond dark-brown eyes with shallow inner folds, straight nose, defined cupid's bow, slightly fuller lower lip, warm wheat skin, clean-shaven, tall lean athletic build. long black hair in one neat topknot with a plain dark wooden pin. fitted ink-blue cross-collar travel robe, smoky-gray inner collar, dense cotton twill and fine wool, narrow sleeves, plain belt. clean left profile head-and-shoulders portrait, neutral relaxed expression. Plain warm-gray studio background, one subject, one frame. Lavish, high-end Chinese costume idol drama aesthetic, refined casting and fitted costume construction, luminous directional face modelling, natural skin texture, rich translucent color, readable dark fabrics. --ar 3:4 --v 8.2 --raw --s 75 --c 0",awaiting_parent_selection,MB-C01-PROFILE__v01__candidate.png
MB-C01-THREEQUARTER,顾砚共用古代身份｜四分之三脸,MJ,A,,C01;C02,GJ-EP01-SC01;GJ-EP01-SC02;GJ-EP01-SC03;GJ-EP01-SC04;GJ-EP01-SC05;GJ-EP01-SC06;GJ-EP02-SC01;GJ-EP02-SC02;GJ-EP02-SC05;GJ-EP03-SC01;GJ-EP03-SC02;GJ-EP03-SC03;GJ-EP03-SC04;GJ-EP03-SC05,MB-C01-FACE,同脸覆盖C01／C02；24岁长鹅蛋脸、平直浓眉、暖麦肤；不随意识变脸；只改视角，耳鼻下颌与选脸同源,"Single fictional Chinese man, age 24, a long oval face, defined cheekbones, thick straight brows, slender almond dark-brown eyes with shallow inner folds, straight nose, defined cupid's bow, slightly fuller lower lip, warm wheat skin, clean-shaven, tall lean athletic build. long black hair in one neat topknot with a plain dark wooden pin. fitted ink-blue cross-collar travel robe, smoky-gray inner collar, dense cotton twill and fine wool, narrow sleeves, plain belt. three-quarter head-and-shoulders portrait, neutral relaxed expression. Plain warm-gray studio background, one subject, one frame. Lavish, high-end Chinese costume idol drama aesthetic, refined casting and fitted costume construction, luminous directional face modelling, natural skin texture, rich translucent color, readable dark fabrics. --ar 3:4 --v 8.2 --raw --s 75 --c 0",awaiting_parent_selection,MB-C01-THREEQUARTER__v01__candidate.png
MB-C03-FACE,韩青｜正脸身份,MJ,A,2,C03,GJ-EP01-SC01;GJ-EP01-SC02;GJ-EP01-SC03;GJ-EP01-SC04;GJ-EP01-SC06;GJ-EP02-SC02;GJ-EP02-SC04;GJ-EP03-SC02;GJ-EP03-SC03;GJ-EP03-SC04;GJ-EP03-SC05,,比顾砚脸短宽，灰青窄袖；成熟炼身，不是少年将军,"Single fictional Chinese man, age 25, a compact face broader through the cheeks, open almond eyes, straight brows, rounded nose tip, clean square jaw, sun-tanned warm skin, clean-shaven, strong shoulders and forearms. black hair in a compact topknot tied with gray-blue cloth. gray-blue narrow-sleeved travel jacket, thin wool inner layer, plain waist belt, neatly finished cotton cuffs. Front-facing head-and-shoulders portrait, neutral relaxed expression, unobstructed face, soft even face light. Plain warm-gray studio background, one subject, one frame. Lavish, high-end Chinese costume idol drama aesthetic, refined casting and fitted costume construction, luminous directional face modelling, natural skin texture, rich translucent color, readable dark fabrics. --ar 3:4 --v 8.2 --raw --s 75 --c 0",ready_for_exploration,MB-C03-FACE__v01__candidate.png
MB-C03-FULL,韩青｜全身干衣,MJ,A,,C03,GJ-EP01-SC01;GJ-EP01-SC02;GJ-EP01-SC03;GJ-EP01-SC04;GJ-EP01-SC06;GJ-EP02-SC02;GJ-EP02-SC04;GJ-EP03-SC02;GJ-EP03-SC03;GJ-EP03-SC04;GJ-EP03-SC05,MB-C03-FACE,比顾砚脸短宽，灰青窄袖；成熟炼身，不是少年将军；衣型、体量和脸沿已选母版；干衣无新伤,"Single fictional Chinese man, age 25, a compact face broader through the cheeks, open almond eyes, straight brows, rounded nose tip, clean square jaw, sun-tanned warm skin, clean-shaven, strong shoulders and forearms. black hair in a compact topknot tied with gray-blue cloth. gray-blue narrow-sleeved travel jacket, thin wool inner layer, plain waist belt, neatly finished cotton cuffs. Front-facing full-length standing costume study, both hands relaxed and visible, feet included. Plain warm-gray studio background, one subject, one frame. Lavish, high-end Chinese costume idol drama aesthetic, refined casting and fitted costume construction, luminous directional face modelling, natural skin texture, rich translucent color, readable dark fabrics. --ar 2:3 --v 8.2 --raw --s 75 --c 0",awaiting_parent_selection,MB-C03-FULL__v01__candidate.png
MB-C03-PROFILE,韩青｜侧脸,MJ,A,,C03,GJ-EP01-SC01;GJ-EP01-SC02;GJ-EP01-SC03;GJ-EP01-SC04;GJ-EP01-SC06;GJ-EP02-SC02;GJ-EP02-SC04;GJ-EP03-SC02;GJ-EP03-SC03;GJ-EP03-SC04;GJ-EP03-SC05,MB-C03-FACE,比顾砚脸短宽，灰青窄袖；成熟炼身，不是少年将军；只改视角，耳鼻下颌与选脸同源,"Single fictional Chinese man, age 25, a compact face broader through the cheeks, open almond eyes, straight brows, rounded nose tip, clean square jaw, sun-tanned warm skin, clean-shaven, strong shoulders and forearms. black hair in a compact topknot tied with gray-blue cloth. gray-blue narrow-sleeved travel jacket, thin wool inner layer, plain waist belt, neatly finished cotton cuffs. clean left profile head-and-shoulders portrait, neutral relaxed expression. Plain warm-gray studio background, one subject, one frame. Lavish, high-end Chinese costume idol drama aesthetic, refined casting and fitted costume construction, luminous directional face modelling, natural skin texture, rich translucent color, readable dark fabrics. --ar 3:4 --v 8.2 --raw --s 75 --c 0",awaiting_parent_selection,MB-C03-PROFILE__v01__candidate.png
MB-C03-THREEQUARTER,韩青｜四分之三脸,MJ,A,,C03,GJ-EP01-SC01;GJ-EP01-SC02;GJ-EP01-SC03;GJ-EP01-SC04;GJ-EP01-SC06;GJ-EP02-SC02;GJ-EP02-SC04;GJ-EP03-SC02;GJ-EP03-SC03;GJ-EP03-SC04;GJ-EP03-SC05,MB-C03-FACE,比顾砚脸短宽，灰青窄袖；成熟炼身，不是少年将军；只改视角，耳鼻下颌与选脸同源,"Single fictional Chinese man, age 25, a compact face broader through the cheeks, open almond eyes, straight brows, rounded nose tip, clean square jaw, sun-tanned warm skin, clean-shaven, strong shoulders and forearms. black hair in a compact topknot tied with gray-blue cloth. gray-blue narrow-sleeved travel jacket, thin wool inner layer, plain waist belt, neatly finished cotton cuffs. three-quarter head-and-shoulders portrait, neutral relaxed expression. Plain warm-gray studio background, one subject, one frame. Lavish, high-end Chinese costume idol drama aesthetic, refined casting and fitted costume construction, luminous directional face modelling, natural skin texture, rich translucent color, readable dark fabrics. --ar 3:4 --v 8.2 --raw --s 75 --c 0",awaiting_parent_selection,MB-C03-THREEQUARTER__v01__candidate.png
MB-C04-FACE,顾伯｜正脸身份,MJ,A,3,C04,GJ-EP01-SC03;GJ-EP01-SC04;GJ-EP01-SC06;GJ-EP02-SC01;GJ-EP02-SC02;GJ-EP02-SC04;GJ-EP02-SC05;GJ-EP03-SC01;GJ-EP03-SC02;GJ-EP03-SC03;GJ-EP03-SC04;GJ-EP03-SC05,,64岁、圆方脸灰短须，旧而整洁；不去皱变青年、不仙师化,"Single fictional Chinese man, age 64, a round-square face, full forehead and cheeks, gently drooping outer eyes, fine eye wrinkles, rounded nose, neat short gray-white beard, relaxed but upright shoulders. gray-black hair in a modest small topknot. smoky-tea long cotton robe with warm-gray inner collar, fine old repairs, sleeves suited to carrying a bowl. Front-facing head-and-shoulders portrait, neutral relaxed expression, unobstructed face, soft even face light. Plain warm-gray studio background, one subject, one frame. Lavish, high-end Chinese costume idol drama aesthetic, refined casting and fitted costume construction, luminous directional face modelling, natural skin texture, rich translucent color, readable dark fabrics. --ar 3:4 --v 8.2 --raw --s 75 --c 0",ready_for_exploration,MB-C04-FACE__v01__candidate.png
MB-C04-FULL,顾伯｜全身干衣,MJ,A,,C04,GJ-EP01-SC03;GJ-EP01-SC04;GJ-EP01-SC06;GJ-EP02-SC01;GJ-EP02-SC02;GJ-EP02-SC04;GJ-EP02-SC05;GJ-EP03-SC01;GJ-EP03-SC02;GJ-EP03-SC03;GJ-EP03-SC04;GJ-EP03-SC05,MB-C04-FACE,64岁、圆方脸灰短须，旧而整洁；不去皱变青年、不仙师化；衣型、体量和脸沿已选母版；干衣无新伤,"Single fictional Chinese man, age 64, a round-square face, full forehead and cheeks, gently drooping outer eyes, fine eye wrinkles, rounded nose, neat short gray-white beard, relaxed but upright shoulders. gray-black hair in a modest small topknot. smoky-tea long cotton robe with warm-gray inner collar, fine old repairs, sleeves suited to carrying a bowl. Front-facing full-length standing costume study, both hands relaxed and visible, feet included. Plain warm-gray studio background, one subject, one frame. Lavish, high-end Chinese costume idol drama aesthetic, refined casting and fitted costume construction, luminous directional face modelling, natural skin texture, rich translucent color, readable dark fabrics. --ar 2:3 --v 8.2 --raw --s 75 --c 0",awaiting_parent_selection,MB-C04-FULL__v01__candidate.png
MB-C04-PROFILE,顾伯｜侧脸,MJ,A,,C04,GJ-EP01-SC03;GJ-EP01-SC04;GJ-EP01-SC06;GJ-EP02-SC01;GJ-EP02-SC02;GJ-EP02-SC04;GJ-EP02-SC05;GJ-EP03-SC01;GJ-EP03-SC02;GJ-EP03-SC03;GJ-EP03-SC04;GJ-EP03-SC05,MB-C04-FACE,64岁、圆方脸灰短须，旧而整洁；不去皱变青年、不仙师化；只改视角，耳鼻下颌与选脸同源,"Single fictional Chinese man, age 64, a round-square face, full forehead and cheeks, gently drooping outer eyes, fine eye wrinkles, rounded nose, neat short gray-white beard, relaxed but upright shoulders. gray-black hair in a modest small topknot. smoky-tea long cotton robe with warm-gray inner collar, fine old repairs, sleeves suited to carrying a bowl. clean left profile head-and-shoulders portrait, neutral relaxed expression. Plain warm-gray studio background, one subject, one frame. Lavish, high-end Chinese costume idol drama aesthetic, refined casting and fitted costume construction, luminous directional face modelling, natural skin texture, rich translucent color, readable dark fabrics. --ar 3:4 --v 8.2 --raw --s 75 --c 0",awaiting_parent_selection,MB-C04-PROFILE__v01__candidate.png
MB-C04-THREEQUARTER,顾伯｜四分之三脸,MJ,A,,C04,GJ-EP01-SC03;GJ-EP01-SC04;GJ-EP01-SC06;GJ-EP02-SC01;GJ-EP02-SC02;GJ-EP02-SC04;GJ-EP02-SC05;GJ-EP03-SC01;GJ-EP03-SC02;GJ-EP03-SC03;GJ-EP03-SC04;GJ-EP03-SC05,MB-C04-FACE,64岁、圆方脸灰短须，旧而整洁；不去皱变青年、不仙师化；只改视角，耳鼻下颌与选脸同源,"Single fictional Chinese man, age 64, a round-square face, full forehead and cheeks, gently drooping outer eyes, fine eye wrinkles, rounded nose, neat short gray-white beard, relaxed but upright shoulders. gray-black hair in a modest small topknot. smoky-tea long cotton robe with warm-gray inner collar, fine old repairs, sleeves suited to carrying a bowl. three-quarter head-and-shoulders portrait, neutral relaxed expression. Plain warm-gray studio background, one subject, one frame. Lavish, high-end Chinese costume idol drama aesthetic, refined casting and fitted costume construction, luminous directional face modelling, natural skin texture, rich translucent color, readable dark fabrics. --ar 3:4 --v 8.2 --raw --s 75 --c 0",awaiting_parent_selection,MB-C04-THREEQUARTER__v01__candidate.png
MB-C16-FACE,杜长庚｜正脸身份,MJ,A,4,C16,GJ-EP01-SC01;GJ-EP01-SC02;GJ-EP01-SC03;GJ-EP01-SC04;GJ-EP01-SC06;GJ-EP02-SC02;GJ-EP02-SC04;GJ-EP02-SC05;GJ-EP03-SC01;GJ-EP03-SC02;GJ-EP03-SC03;GJ-EP03-SC04;GJ-EP03-SC05,,43岁灰鬓、褐围巾、宽肩；不穿将军甲,"Single fictional Chinese man, age 43, a rectangular-square face, broad jaw, low straight thick eyebrows, narrow calm eyes, straight broad nose, lightly graying temples, broad shoulders. black hair bound in a plain topknot. brown fine-wool scarf, dark brown-gray fitted travel layers, narrow cuffs, plain cloth belt. Front-facing head-and-shoulders portrait, neutral relaxed expression, unobstructed face, soft even face light. Plain warm-gray studio background, one subject, one frame. Lavish, high-end Chinese costume idol drama aesthetic, refined casting and fitted costume construction, luminous directional face modelling, natural skin texture, rich translucent color, readable dark fabrics. --ar 3:4 --v 8.2 --raw --s 75 --c 0",ready_for_exploration,MB-C16-FACE__v01__candidate.png
MB-C16-FULL,杜长庚｜全身干衣,MJ,A,,C16,GJ-EP01-SC01;GJ-EP01-SC02;GJ-EP01-SC03;GJ-EP01-SC04;GJ-EP01-SC06;GJ-EP02-SC02;GJ-EP02-SC04;GJ-EP02-SC05;GJ-EP03-SC01;GJ-EP03-SC02;GJ-EP03-SC03;GJ-EP03-SC04;GJ-EP03-SC05,MB-C16-FACE,43岁灰鬓、褐围巾、宽肩；不穿将军甲；衣型、体量和脸沿已选母版；干衣无新伤,"Single fictional Chinese man, age 43, a rectangular-square face, broad jaw, low straight thick eyebrows, narrow calm eyes, straight broad nose, lightly graying temples, broad shoulders. black hair bound in a plain topknot. brown fine-wool scarf, dark brown-gray fitted travel layers, narrow cuffs, plain cloth belt. Front-facing full-length standing costume study, both hands relaxed and visible, feet included. Plain warm-gray studio background, one subject, one frame. Lavish, high-end Chinese costume idol drama aesthetic, refined casting and fitted costume construction, luminous directional face modelling, natural skin texture, rich translucent color, readable dark fabrics. --ar 2:3 --v 8.2 --raw --s 75 --c 0",awaiting_parent_selection,MB-C16-FULL__v01__candidate.png
MB-C16-PROFILE,杜长庚｜侧脸,MJ,A,,C16,GJ-EP01-SC01;GJ-EP01-SC02;GJ-EP01-SC03;GJ-EP01-SC04;GJ-EP01-SC06;GJ-EP02-SC02;GJ-EP02-SC04;GJ-EP02-SC05;GJ-EP03-SC01;GJ-EP03-SC02;GJ-EP03-SC03;GJ-EP03-SC04;GJ-EP03-SC05,MB-C16-FACE,43岁灰鬓、褐围巾、宽肩；不穿将军甲；只改视角，耳鼻下颌与选脸同源,"Single fictional Chinese man, age 43, a rectangular-square face, broad jaw, low straight thick eyebrows, narrow calm eyes, straight broad nose, lightly graying temples, broad shoulders. black hair bound in a plain topknot. brown fine-wool scarf, dark brown-gray fitted travel layers, narrow cuffs, plain cloth belt. clean left profile head-and-shoulders portrait, neutral relaxed expression. Plain warm-gray studio background, one subject, one frame. Lavish, high-end Chinese costume idol drama aesthetic, refined casting and fitted costume construction, luminous directional face modelling, natural skin texture, rich translucent color, readable dark fabrics. --ar 3:4 --v 8.2 --raw --s 75 --c 0",awaiting_parent_selection,MB-C16-PROFILE__v01__candidate.png
MB-C16-THREEQUARTER,杜长庚｜四分之三脸,MJ,A,,C16,GJ-EP01-SC01;GJ-EP01-SC02;GJ-EP01-SC03;GJ-EP01-SC04;GJ-EP01-SC06;GJ-EP02-SC02;GJ-EP02-SC04;GJ-EP02-SC05;GJ-EP03-SC01;GJ-EP03-SC02;GJ-EP03-SC03;GJ-EP03-SC04;GJ-EP03-SC05,MB-C16-FACE,43岁灰鬓、褐围巾、宽肩；不穿将军甲；只改视角，耳鼻下颌与选脸同源,"Single fictional Chinese man, age 43, a rectangular-square face, broad jaw, low straight thick eyebrows, narrow calm eyes, straight broad nose, lightly graying temples, broad shoulders. black hair bound in a plain topknot. brown fine-wool scarf, dark brown-gray fitted travel layers, narrow cuffs, plain cloth belt. three-quarter head-and-shoulders portrait, neutral relaxed expression. Plain warm-gray studio background, one subject, one frame. Lavish, high-end Chinese costume idol drama aesthetic, refined casting and fitted costume construction, luminous directional face modelling, natural skin texture, rich translucent color, readable dark fabrics. --ar 3:4 --v 8.2 --raw --s 75 --c 0",awaiting_parent_selection,MB-C16-THREEQUARTER__v01__candidate.png
MB-C06-FACE,黄祁｜正脸身份,MJ,B,,C06,GJ-EP01-SC01,,与罗顺脸形体量不同；身份母版不蒙面，桥夜状态另做；新伤固定角色自身右上臂,"Single fictional Chinese man, age 34, a long rectangular face with high clear cheekbones, angled brows, narrow eyes, tall wiry athletic build. black hair bound close to the head, face unobscured in this identity study. matte black narrow-sleeved travel jacket over charcoal layers, plain dark belt. Front-facing head-and-shoulders portrait, neutral relaxed expression, unobstructed face, soft even face light. Plain warm-gray studio background, one subject, one frame. Lavish, high-end Chinese costume idol drama aesthetic, refined casting and fitted costume construction, luminous directional face modelling, natural skin texture, rich translucent color, readable dark fabrics. --ar 3:4 --v 8.2 --raw --s 75 --c 0",ready_for_exploration,MB-C06-FACE__v01__candidate.png
MB-C06-FULL,黄祁｜全身干衣,MJ,B,,C06,GJ-EP01-SC01,MB-C06-FACE,与罗顺脸形体量不同；身份母版不蒙面，桥夜状态另做；新伤固定角色自身右上臂；衣型、体量和脸沿已选母版；干衣无新伤,"Single fictional Chinese man, age 34, a long rectangular face with high clear cheekbones, angled brows, narrow eyes, tall wiry athletic build. black hair bound close to the head, face unobscured in this identity study. matte black narrow-sleeved travel jacket over charcoal layers, plain dark belt. Front-facing full-length standing costume study, both hands relaxed and visible, feet included. Plain warm-gray studio background, one subject, one frame. Lavish, high-end Chinese costume idol drama aesthetic, refined casting and fitted costume construction, luminous directional face modelling, natural skin texture, rich translucent color, readable dark fabrics. --ar 2:3 --v 8.2 --raw --s 75 --c 0",awaiting_parent_selection,MB-C06-FULL__v01__candidate.png
MB-C06-PROFILE,黄祁｜侧脸,MJ,B,,C06,GJ-EP01-SC01,MB-C06-FACE,与罗顺脸形体量不同；身份母版不蒙面，桥夜状态另做；新伤固定角色自身右上臂；只改视角，耳鼻下颌与选脸同源,"Single fictional Chinese man, age 34, a long rectangular face with high clear cheekbones, angled brows, narrow eyes, tall wiry athletic build. black hair bound close to the head, face unobscured in this identity study. matte black narrow-sleeved travel jacket over charcoal layers, plain dark belt. clean left profile head-and-shoulders portrait, neutral relaxed expression. Plain warm-gray studio background, one subject, one frame. Lavish, high-end Chinese costume idol drama aesthetic, refined casting and fitted costume construction, luminous directional face modelling, natural skin texture, rich translucent color, readable dark fabrics. --ar 3:4 --v 8.2 --raw --s 75 --c 0",awaiting_parent_selection,MB-C06-PROFILE__v01__candidate.png
MB-C06-THREEQUARTER,黄祁｜四分之三脸,MJ,B,,C06,GJ-EP01-SC01,MB-C06-FACE,与罗顺脸形体量不同；身份母版不蒙面，桥夜状态另做；新伤固定角色自身右上臂；只改视角，耳鼻下颌与选脸同源,"Single fictional Chinese man, age 34, a long rectangular face with high clear cheekbones, angled brows, narrow eyes, tall wiry athletic build. black hair bound close to the head, face unobscured in this identity study. matte black narrow-sleeved travel jacket over charcoal layers, plain dark belt. three-quarter head-and-shoulders portrait, neutral relaxed expression. Plain warm-gray studio background, one subject, one frame. Lavish, high-end Chinese costume idol drama aesthetic, refined casting and fitted costume construction, luminous directional face modelling, natural skin texture, rich translucent color, readable dark fabrics. --ar 3:4 --v 8.2 --raw --s 75 --c 0",awaiting_parent_selection,MB-C06-THREEQUARTER__v01__candidate.png
MB-C07-FACE,罗顺｜正脸身份,MJ,C,,C07,GJ-EP01-SC01,,26岁方圆脸，雨帽和灰褐衣；不共用黄祁、马六的脸,"Single fictional Chinese man, age 26, a short square-round face, thick straight brows, broad eyes, solid nose wings and jaw, strong neck and shoulders. black hair tied simply, ordinary gray-brown rain hat worn back to show the face. gray-brown short travel coat with dark blue inner collar, fitted dense cotton sleeves. Front-facing head-and-shoulders portrait, neutral relaxed expression, unobstructed face, soft even face light. Plain warm-gray studio background, one subject, one frame. Lavish, high-end Chinese costume idol drama aesthetic, refined casting and fitted costume construction, luminous directional face modelling, natural skin texture, rich translucent color, readable dark fabrics. --ar 3:4 --v 8.2 --raw --s 75 --c 0",ready_for_exploration,MB-C07-FACE__v01__candidate.png
MB-C07-FULL,罗顺｜全身干衣,MJ,C,,C07,GJ-EP01-SC01,MB-C07-FACE,26岁方圆脸，雨帽和灰褐衣；不共用黄祁、马六的脸；衣型、体量和脸沿已选母版；干衣无新伤,"Single fictional Chinese man, age 26, a short square-round face, thick straight brows, broad eyes, solid nose wings and jaw, strong neck and shoulders. black hair tied simply, ordinary gray-brown rain hat worn back to show the face. gray-brown short travel coat with dark blue inner collar, fitted dense cotton sleeves. Front-facing full-length standing costume study, both hands relaxed and visible, feet included. Plain warm-gray studio background, one subject, one frame. Lavish, high-end Chinese costume idol drama aesthetic, refined casting and fitted costume construction, luminous directional face modelling, natural skin texture, rich translucent color, readable dark fabrics. --ar 2:3 --v 8.2 --raw --s 75 --c 0",awaiting_parent_selection,MB-C07-FULL__v01__candidate.png
MB-C08-FACE,孙福生｜正脸身份,MJ,C,,C08,GJ-EP01-SC02,,49岁汤摊主人，围腰短须；人物普通但体面，不夸张油污,"Single fictional Chinese man, age 49, a broad balanced face, open brows and eyes, smile creases, short tidy beard, sturdy upper body and broad hands. plain tied black hair with a few gray strands. warm chestnut short cotton jacket and pale-gray cloth apron, neat collar seams. Front-facing head-and-shoulders portrait, neutral relaxed expression, unobstructed face, soft even face light. Plain warm-gray studio background, one subject, one frame. Lavish, high-end Chinese costume idol drama aesthetic, refined casting and fitted costume construction, luminous directional face modelling, natural skin texture, rich translucent color, readable dark fabrics. --ar 3:4 --v 8.2 --raw --s 75 --c 0",ready_for_exploration,MB-C08-FACE__v01__candidate.png
MB-C08-FULL,孙福生｜全身干衣,MJ,C,,C08,GJ-EP01-SC02,MB-C08-FACE,49岁汤摊主人，围腰短须；人物普通但体面，不夸张油污；衣型、体量和脸沿已选母版；干衣无新伤,"Single fictional Chinese man, age 49, a broad balanced face, open brows and eyes, smile creases, short tidy beard, sturdy upper body and broad hands. plain tied black hair with a few gray strands. warm chestnut short cotton jacket and pale-gray cloth apron, neat collar seams. Front-facing full-length standing costume study, both hands relaxed and visible, feet included. Plain warm-gray studio background, one subject, one frame. Lavish, high-end Chinese costume idol drama aesthetic, refined casting and fitted costume construction, luminous directional face modelling, natural skin texture, rich translucent color, readable dark fabrics. --ar 2:3 --v 8.2 --raw --s 75 --c 0",awaiting_parent_selection,MB-C08-FULL__v01__candidate.png
MB-C09-FACE,周成｜正脸身份,MJ,C,,C09,GJ-EP01-SC02,,宽额圆下颌、赭褐衣；与丁茂分别选脸，不加新职业徽记,"Single fictional Chinese man, age 36, a broad forehead, thick eyebrows, bright eyes, rounded jaw, light wheat skin, strong working shoulders. simply bound black hair. faded ochre short cotton robe with light-brown inner collar, neat repairs at elbows. Front-facing head-and-shoulders portrait, neutral relaxed expression, unobstructed face, soft even face light. Plain warm-gray studio background, one subject, one frame. Lavish, high-end Chinese costume idol drama aesthetic, refined casting and fitted costume construction, luminous directional face modelling, natural skin texture, rich translucent color, readable dark fabrics. --ar 3:4 --v 8.2 --raw --s 75 --c 0",ready_for_exploration,MB-C09-FACE__v01__candidate.png
MB-C09-FULL,周成｜全身干衣,MJ,C,,C09,GJ-EP01-SC02,MB-C09-FACE,宽额圆下颌、赭褐衣；与丁茂分别选脸，不加新职业徽记；衣型、体量和脸沿已选母版；干衣无新伤,"Single fictional Chinese man, age 36, a broad forehead, thick eyebrows, bright eyes, rounded jaw, light wheat skin, strong working shoulders. simply bound black hair. faded ochre short cotton robe with light-brown inner collar, neat repairs at elbows. Front-facing full-length standing costume study, both hands relaxed and visible, feet included. Plain warm-gray studio background, one subject, one frame. Lavish, high-end Chinese costume idol drama aesthetic, refined casting and fitted costume construction, luminous directional face modelling, natural skin texture, rich translucent color, readable dark fabrics. --ar 2:3 --v 8.2 --raw --s 75 --c 0",awaiting_parent_selection,MB-C09-FULL__v01__candidate.png
MB-C10-FACE,丁茂｜正脸身份,MJ,C,,C10,GJ-EP01-SC02,,窄长脸灰绿衣，不画阴险神情或密探面罩,"Single fictional Chinese man, age 39, a narrow rectangular face, straight relaxed brows, softly defined eye sockets, clear lip line, slender upright frame. simply bound black hair. gray-green short robe with smoky-brown inner collar, matte close-woven cotton. Front-facing head-and-shoulders portrait, neutral relaxed expression, unobstructed face, soft even face light. Plain warm-gray studio background, one subject, one frame. Lavish, high-end Chinese costume idol drama aesthetic, refined casting and fitted costume construction, luminous directional face modelling, natural skin texture, rich translucent color, readable dark fabrics. --ar 3:4 --v 8.2 --raw --s 75 --c 0",ready_for_exploration,MB-C10-FACE__v01__candidate.png
MB-C10-FULL,丁茂｜全身干衣,MJ,C,,C10,GJ-EP01-SC02,MB-C10-FACE,窄长脸灰绿衣，不画阴险神情或密探面罩；衣型、体量和脸沿已选母版；干衣无新伤,"Single fictional Chinese man, age 39, a narrow rectangular face, straight relaxed brows, softly defined eye sockets, clear lip line, slender upright frame. simply bound black hair. gray-green short robe with smoky-brown inner collar, matte close-woven cotton. Front-facing full-length standing costume study, both hands relaxed and visible, feet included. Plain warm-gray studio background, one subject, one frame. Lavish, high-end Chinese costume idol drama aesthetic, refined casting and fitted costume construction, luminous directional face modelling, natural skin texture, rich translucent color, readable dark fabrics. --ar 2:3 --v 8.2 --raw --s 75 --c 0",awaiting_parent_selection,MB-C10-FULL__v01__candidate.png
MB-C11-FACE,张济｜正脸身份,MJ,C,,C11,GJ-EP02-SC01,,58岁细长面、灰鬓，与顾伯分开；不是发光仙医,"Single fictional Chinese man, age 58, a long face, clear nose bridge, slim eyebrows, attentive eyes with age lines, gray temples, neatly trimmed moustache, straight back. graying hair in a plain tied knot. blue-gray long cotton-linen robe with moon-white inner collar, clean practical cuffs. Front-facing head-and-shoulders portrait, neutral relaxed expression, unobstructed face, soft even face light. Plain warm-gray studio background, one subject, one frame. Lavish, high-end Chinese costume idol drama aesthetic, refined casting and fitted costume construction, luminous directional face modelling, natural skin texture, rich translucent color, readable dark fabrics. --ar 3:4 --v 8.2 --raw --s 75 --c 0",ready_for_exploration,MB-C11-FACE__v01__candidate.png
MB-C11-FULL,张济｜全身干衣,MJ,C,,C11,GJ-EP02-SC01,MB-C11-FACE,58岁细长面、灰鬓，与顾伯分开；不是发光仙医；衣型、体量和脸沿已选母版；干衣无新伤,"Single fictional Chinese man, age 58, a long face, clear nose bridge, slim eyebrows, attentive eyes with age lines, gray temples, neatly trimmed moustache, straight back. graying hair in a plain tied knot. blue-gray long cotton-linen robe with moon-white inner collar, clean practical cuffs. Front-facing full-length standing costume study, both hands relaxed and visible, feet included. Plain warm-gray studio background, one subject, one frame. Lavish, high-end Chinese costume idol drama aesthetic, refined casting and fitted costume construction, luminous directional face modelling, natural skin texture, rich translucent color, readable dark fabrics. --ar 2:3 --v 8.2 --raw --s 75 --c 0",awaiting_parent_selection,MB-C11-FULL__v01__candidate.png
MB-C12-FACE,王寿｜正脸身份,MJ,B,,C12,GJ-EP03-SC01;GJ-EP03-SC02;GJ-EP03-SC03;GJ-EP03-SC04;GJ-EP03-SC05,,真假不靠丑脸或破制服判断；与赵平同属近色但非复制衣纹,"Single fictional Chinese man, age 31, an oval face, short defined brows, full shaped lips, level direct gaze, medium build and ordinary upright posture. neatly bound black hair. faded ink-blue official-style short robe with gray-black edging, dense cotton, old creases. Front-facing head-and-shoulders portrait, neutral relaxed expression, unobstructed face, soft even face light. Plain warm-gray studio background, one subject, one frame. Lavish, high-end Chinese costume idol drama aesthetic, refined casting and fitted costume construction, luminous directional face modelling, natural skin texture, rich translucent color, readable dark fabrics. --ar 3:4 --v 8.2 --raw --s 75 --c 0",ready_for_exploration,MB-C12-FACE__v01__candidate.png
MB-C12-FULL,王寿｜全身干衣,MJ,B,,C12,GJ-EP03-SC01;GJ-EP03-SC02;GJ-EP03-SC03;GJ-EP03-SC04;GJ-EP03-SC05,MB-C12-FACE,真假不靠丑脸或破制服判断；与赵平同属近色但非复制衣纹；衣型、体量和脸沿已选母版；干衣无新伤,"Single fictional Chinese man, age 31, an oval face, short defined brows, full shaped lips, level direct gaze, medium build and ordinary upright posture. neatly bound black hair. faded ink-blue official-style short robe with gray-black edging, dense cotton, old creases. Front-facing full-length standing costume study, both hands relaxed and visible, feet included. Plain warm-gray studio background, one subject, one frame. Lavish, high-end Chinese costume idol drama aesthetic, refined casting and fitted costume construction, luminous directional face modelling, natural skin texture, rich translucent color, readable dark fabrics. --ar 2:3 --v 8.2 --raw --s 75 --c 0",awaiting_parent_selection,MB-C12-FULL__v01__candidate.png
MB-C12-PROFILE,王寿｜侧脸,MJ,B,,C12,GJ-EP03-SC01;GJ-EP03-SC02;GJ-EP03-SC03;GJ-EP03-SC04;GJ-EP03-SC05,MB-C12-FACE,真假不靠丑脸或破制服判断；与赵平同属近色但非复制衣纹；只改视角，耳鼻下颌与选脸同源,"Single fictional Chinese man, age 31, an oval face, short defined brows, full shaped lips, level direct gaze, medium build and ordinary upright posture. neatly bound black hair. faded ink-blue official-style short robe with gray-black edging, dense cotton, old creases. clean left profile head-and-shoulders portrait, neutral relaxed expression. Plain warm-gray studio background, one subject, one frame. Lavish, high-end Chinese costume idol drama aesthetic, refined casting and fitted costume construction, luminous directional face modelling, natural skin texture, rich translucent color, readable dark fabrics. --ar 3:4 --v 8.2 --raw --s 75 --c 0",awaiting_parent_selection,MB-C12-PROFILE__v01__candidate.png
MB-C12-THREEQUARTER,王寿｜四分之三脸,MJ,B,,C12,GJ-EP03-SC01;GJ-EP03-SC02;GJ-EP03-SC03;GJ-EP03-SC04;GJ-EP03-SC05,MB-C12-FACE,真假不靠丑脸或破制服判断；与赵平同属近色但非复制衣纹；只改视角，耳鼻下颌与选脸同源,"Single fictional Chinese man, age 31, an oval face, short defined brows, full shaped lips, level direct gaze, medium build and ordinary upright posture. neatly bound black hair. faded ink-blue official-style short robe with gray-black edging, dense cotton, old creases. three-quarter head-and-shoulders portrait, neutral relaxed expression. Plain warm-gray studio background, one subject, one frame. Lavish, high-end Chinese costume idol drama aesthetic, refined casting and fitted costume construction, luminous directional face modelling, natural skin texture, rich translucent color, readable dark fabrics. --ar 3:4 --v 8.2 --raw --s 75 --c 0",awaiting_parent_selection,MB-C12-THREEQUARTER__v01__candidate.png
MB-C13-FACE,马六｜正脸身份,MJ,C,,C13,GJ-EP03-SC02;GJ-EP03-SC04,,27岁轻巧匀长；西巷正侧脸须同人，不蒙面,"Single fictional Chinese man, age 27, a long diamond-shaped face, straight brow tails, rounded eyes, defined lips, light neck and shoulders, lean balanced frame. plain tied black hair. light-gray short travel clothes with gray-green inner collar, neatly pressed side seams. Front-facing head-and-shoulders portrait, neutral relaxed expression, unobstructed face, soft even face light. Plain warm-gray studio background, one subject, one frame. Lavish, high-end Chinese costume idol drama aesthetic, refined casting and fitted costume construction, luminous directional face modelling, natural skin texture, rich translucent color, readable dark fabrics. --ar 3:4 --v 8.2 --raw --s 75 --c 0",ready_for_exploration,MB-C13-FACE__v01__candidate.png
MB-C13-FULL,马六｜全身干衣,MJ,C,,C13,GJ-EP03-SC02;GJ-EP03-SC04,MB-C13-FACE,27岁轻巧匀长；西巷正侧脸须同人，不蒙面；衣型、体量和脸沿已选母版；干衣无新伤,"Single fictional Chinese man, age 27, a long diamond-shaped face, straight brow tails, rounded eyes, defined lips, light neck and shoulders, lean balanced frame. plain tied black hair. light-gray short travel clothes with gray-green inner collar, neatly pressed side seams. Front-facing full-length standing costume study, both hands relaxed and visible, feet included. Plain warm-gray studio background, one subject, one frame. Lavish, high-end Chinese costume idol drama aesthetic, refined casting and fitted costume construction, luminous directional face modelling, natural skin texture, rich translucent color, readable dark fabrics. --ar 2:3 --v 8.2 --raw --s 75 --c 0",awaiting_parent_selection,MB-C13-FULL__v01__candidate.png
MB-C14-FACE,赵平｜正脸身份,MJ,B,,C14,GJ-EP02-SC03;GJ-EP03-SC03;GJ-EP03-SC04;GJ-EP03-SC05,,40岁短髭深靛服；无万能令牌，和孟达年龄色阶分明,"Single fictional Chinese man, age 40, a nearly square face, broad eyebrows, deep-set attentive eyes, short neat jaw beard, sturdy upright shoulders. black hair neatly bound for duty. deep indigo duty robe with black edges, low-sheen cotton twill, plain belt. Front-facing head-and-shoulders portrait, neutral relaxed expression, unobstructed face, soft even face light. Plain warm-gray studio background, one subject, one frame. Lavish, high-end Chinese costume idol drama aesthetic, refined casting and fitted costume construction, luminous directional face modelling, natural skin texture, rich translucent color, readable dark fabrics. --ar 3:4 --v 8.2 --raw --s 75 --c 0",ready_for_exploration,MB-C14-FACE__v01__candidate.png
MB-C14-FULL,赵平｜全身干衣,MJ,B,,C14,GJ-EP02-SC03;GJ-EP03-SC03;GJ-EP03-SC04;GJ-EP03-SC05,MB-C14-FACE,40岁短髭深靛服；无万能令牌，和孟达年龄色阶分明；衣型、体量和脸沿已选母版；干衣无新伤,"Single fictional Chinese man, age 40, a nearly square face, broad eyebrows, deep-set attentive eyes, short neat jaw beard, sturdy upright shoulders. black hair neatly bound for duty. deep indigo duty robe with black edges, low-sheen cotton twill, plain belt. Front-facing full-length standing costume study, both hands relaxed and visible, feet included. Plain warm-gray studio background, one subject, one frame. Lavish, high-end Chinese costume idol drama aesthetic, refined casting and fitted costume construction, luminous directional face modelling, natural skin texture, rich translucent color, readable dark fabrics. --ar 2:3 --v 8.2 --raw --s 75 --c 0",awaiting_parent_selection,MB-C14-FULL__v01__candidate.png
MB-C14-PROFILE,赵平｜侧脸,MJ,B,,C14,GJ-EP02-SC03;GJ-EP03-SC03;GJ-EP03-SC04;GJ-EP03-SC05,MB-C14-FACE,40岁短髭深靛服；无万能令牌，和孟达年龄色阶分明；只改视角，耳鼻下颌与选脸同源,"Single fictional Chinese man, age 40, a nearly square face, broad eyebrows, deep-set attentive eyes, short neat jaw beard, sturdy upright shoulders. black hair neatly bound for duty. deep indigo duty robe with black edges, low-sheen cotton twill, plain belt. clean left profile head-and-shoulders portrait, neutral relaxed expression. Plain warm-gray studio background, one subject, one frame. Lavish, high-end Chinese costume idol drama aesthetic, refined casting and fitted costume construction, luminous directional face modelling, natural skin texture, rich translucent color, readable dark fabrics. --ar 3:4 --v 8.2 --raw --s 75 --c 0",awaiting_parent_selection,MB-C14-PROFILE__v01__candidate.png
MB-C14-THREEQUARTER,赵平｜四分之三脸,MJ,B,,C14,GJ-EP02-SC03;GJ-EP03-SC03;GJ-EP03-SC04;GJ-EP03-SC05,MB-C14-FACE,40岁短髭深靛服；无万能令牌，和孟达年龄色阶分明；只改视角，耳鼻下颌与选脸同源,"Single fictional Chinese man, age 40, a nearly square face, broad eyebrows, deep-set attentive eyes, short neat jaw beard, sturdy upright shoulders. black hair neatly bound for duty. deep indigo duty robe with black edges, low-sheen cotton twill, plain belt. three-quarter head-and-shoulders portrait, neutral relaxed expression. Plain warm-gray studio background, one subject, one frame. Lavish, high-end Chinese costume idol drama aesthetic, refined casting and fitted costume construction, luminous directional face modelling, natural skin texture, rich translucent color, readable dark fabrics. --ar 3:4 --v 8.2 --raw --s 75 --c 0",awaiting_parent_selection,MB-C14-THREEQUARTER__v01__candidate.png
MB-C15-FACE,孟达｜正脸身份,MJ,C,,C15,GJ-EP02-SC03;GJ-EP03-SC03;GJ-EP03-SC04;GJ-EP03-SC05,,22岁成人、无孟宽短须壮实体量；不是少年儿童,"Single fictional Chinese man, age 22, a long oval youthful adult face, gently lifted brows, broad eyes, light clean jaw, straight shoulders. black hair neatly bound for duty. indigo-teal duty robe, lighter than the senior officer's, pale-gray inner collar, narrow sleeves. Front-facing head-and-shoulders portrait, neutral relaxed expression, unobstructed face, soft even face light. Plain warm-gray studio background, one subject, one frame. Lavish, high-end Chinese costume idol drama aesthetic, refined casting and fitted costume construction, luminous directional face modelling, natural skin texture, rich translucent color, readable dark fabrics. --ar 3:4 --v 8.2 --raw --s 75 --c 0",ready_for_exploration,MB-C15-FACE__v01__candidate.png
MB-C15-FULL,孟达｜全身干衣,MJ,C,,C15,GJ-EP02-SC03;GJ-EP03-SC03;GJ-EP03-SC04;GJ-EP03-SC05,MB-C15-FACE,22岁成人、无孟宽短须壮实体量；不是少年儿童；衣型、体量和脸沿已选母版；干衣无新伤,"Single fictional Chinese man, age 22, a long oval youthful adult face, gently lifted brows, broad eyes, light clean jaw, straight shoulders. black hair neatly bound for duty. indigo-teal duty robe, lighter than the senior officer's, pale-gray inner collar, narrow sleeves. Front-facing full-length standing costume study, both hands relaxed and visible, feet included. Plain warm-gray studio background, one subject, one frame. Lavish, high-end Chinese costume idol drama aesthetic, refined casting and fitted costume construction, luminous directional face modelling, natural skin texture, rich translucent color, readable dark fabrics. --ar 2:3 --v 8.2 --raw --s 75 --c 0",awaiting_parent_selection,MB-C15-FULL__v01__candidate.png
MB-C17-FACE,石照川｜正脸身份,MJ,B,,C17,GJ-EP01-SC01;GJ-EP01-SC02;GJ-EP01-SC03;GJ-EP02-SC04;GJ-EP03-SC02;GJ-EP03-SC03;GJ-EP03-SC04;GJ-EP03-SC05,,宽肩方脸靛布，不夸张巨人化；搬物动作稳定,"Single fictional Chinese man, age 38, a square face, broad flat brow ridge, open eyes, weighty jaw, broad chest and shoulders, proportionate sturdy build. plain tightly bound black hair. indigo cotton outer jacket over dark-gray fine wool, narrow cuffs and plain belt. Front-facing head-and-shoulders portrait, neutral relaxed expression, unobstructed face, soft even face light. Plain warm-gray studio background, one subject, one frame. Lavish, high-end Chinese costume idol drama aesthetic, refined casting and fitted costume construction, luminous directional face modelling, natural skin texture, rich translucent color, readable dark fabrics. --ar 3:4 --v 8.2 --raw --s 75 --c 0",ready_for_exploration,MB-C17-FACE__v01__candidate.png
MB-C17-FULL,石照川｜全身干衣,MJ,B,,C17,GJ-EP01-SC01;GJ-EP01-SC02;GJ-EP01-SC03;GJ-EP02-SC04;GJ-EP03-SC02;GJ-EP03-SC03;GJ-EP03-SC04;GJ-EP03-SC05,MB-C17-FACE,宽肩方脸靛布，不夸张巨人化；搬物动作稳定；衣型、体量和脸沿已选母版；干衣无新伤,"Single fictional Chinese man, age 38, a square face, broad flat brow ridge, open eyes, weighty jaw, broad chest and shoulders, proportionate sturdy build. plain tightly bound black hair. indigo cotton outer jacket over dark-gray fine wool, narrow cuffs and plain belt. Front-facing full-length standing costume study, both hands relaxed and visible, feet included. Plain warm-gray studio background, one subject, one frame. Lavish, high-end Chinese costume idol drama aesthetic, refined casting and fitted costume construction, luminous directional face modelling, natural skin texture, rich translucent color, readable dark fabrics. --ar 2:3 --v 8.2 --raw --s 75 --c 0",awaiting_parent_selection,MB-C17-FULL__v01__candidate.png
MB-C18-FACE,孟宽｜正脸身份,MJ,C,,C18,GJ-EP01-SC01;GJ-EP01-SC02;GJ-EP01-SC03;GJ-EP02-SC04;GJ-EP03-SC05,,粗眉短须赭腰带，与孟达绝不共脸,"Single fictional Chinese man, age 36, a broad rectangular face, thick natural brows, lively eyes, short beard, strong jaw and muscular shoulders. plain bound black hair. smoky-gray travel coat over dark-brown layers, clearly visible ochre cloth belt. Front-facing head-and-shoulders portrait, neutral relaxed expression, unobstructed face, soft even face light. Plain warm-gray studio background, one subject, one frame. Lavish, high-end Chinese costume idol drama aesthetic, refined casting and fitted costume construction, luminous directional face modelling, natural skin texture, rich translucent color, readable dark fabrics. --ar 3:4 --v 8.2 --raw --s 75 --c 0",ready_for_exploration,MB-C18-FACE__v01__candidate.png
MB-C18-FULL,孟宽｜全身干衣,MJ,C,,C18,GJ-EP01-SC01;GJ-EP01-SC02;GJ-EP01-SC03;GJ-EP02-SC04;GJ-EP03-SC05,MB-C18-FACE,粗眉短须赭腰带，与孟达绝不共脸；衣型、体量和脸沿已选母版；干衣无新伤,"Single fictional Chinese man, age 36, a broad rectangular face, thick natural brows, lively eyes, short beard, strong jaw and muscular shoulders. plain bound black hair. smoky-gray travel coat over dark-brown layers, clearly visible ochre cloth belt. Front-facing full-length standing costume study, both hands relaxed and visible, feet included. Plain warm-gray studio background, one subject, one frame. Lavish, high-end Chinese costume idol drama aesthetic, refined casting and fitted costume construction, luminous directional face modelling, natural skin texture, rich translucent color, readable dark fabrics. --ar 2:3 --v 8.2 --raw --s 75 --c 0",awaiting_parent_selection,MB-C18-FULL__v01__candidate.png
MB-C19-FACE,罗百泉｜正脸身份,MJ,C,,C19,GJ-EP01-SC01;GJ-EP01-SC02;GJ-EP01-SC03;GJ-EP02-SC04;GJ-EP03-SC05,,45岁灰短须，前三集正常步态不提前跛行,"Single fictional Chinese man, age 45, a long face, open relaxed brows, clear nose, neat short gray beard, lean strong frame, upright balanced stance. black-and-gray hair tied simply. gray-brown travel layers with a lighter inner collar, long clean vertical lines. Front-facing head-and-shoulders portrait, neutral relaxed expression, unobstructed face, soft even face light. Plain warm-gray studio background, one subject, one frame. Lavish, high-end Chinese costume idol drama aesthetic, refined casting and fitted costume construction, luminous directional face modelling, natural skin texture, rich translucent color, readable dark fabrics. --ar 3:4 --v 8.2 --raw --s 75 --c 0",ready_for_exploration,MB-C19-FACE__v01__candidate.png
MB-C19-FULL,罗百泉｜全身干衣,MJ,C,,C19,GJ-EP01-SC01;GJ-EP01-SC02;GJ-EP01-SC03;GJ-EP02-SC04;GJ-EP03-SC05,MB-C19-FACE,45岁灰短须，前三集正常步态不提前跛行；衣型、体量和脸沿已选母版；干衣无新伤,"Single fictional Chinese man, age 45, a long face, open relaxed brows, clear nose, neat short gray beard, lean strong frame, upright balanced stance. black-and-gray hair tied simply. gray-brown travel layers with a lighter inner collar, long clean vertical lines. Front-facing full-length standing costume study, both hands relaxed and visible, feet included. Plain warm-gray studio background, one subject, one frame. Lavish, high-end Chinese costume idol drama aesthetic, refined casting and fitted costume construction, luminous directional face modelling, natural skin texture, rich translucent color, readable dark fabrics. --ar 2:3 --v 8.2 --raw --s 75 --c 0",awaiting_parent_selection,MB-C19-FULL__v01__candidate.png
MB-C20-FACE,崔望野｜正脸身份,MJ,B,,C20,GJ-EP01-SC01;GJ-EP01-SC02;GJ-EP01-SC03;GJ-EP02-SC04;GJ-EP03-SC02;GJ-EP03-SC04;GJ-EP03-SC05,,瘦长脸短披肩；辨脸不靠遮眼发缕，弓另归随身附件,"Single fictional Chinese man, age 34, a narrow face with flat cheekbone planes, fine firm brows, elongated eyes, tall slim frame and open neck posture. black hair bound away from the eyes. dark-gray short fine-wool shoulder cape over gray-blue close-woven cotton. Front-facing head-and-shoulders portrait, neutral relaxed expression, unobstructed face, soft even face light. Plain warm-gray studio background, one subject, one frame. Lavish, high-end Chinese costume idol drama aesthetic, refined casting and fitted costume construction, luminous directional face modelling, natural skin texture, rich translucent color, readable dark fabrics. --ar 3:4 --v 8.2 --raw --s 75 --c 0",ready_for_exploration,MB-C20-FACE__v01__candidate.png
MB-C20-FULL,崔望野｜全身干衣,MJ,B,,C20,GJ-EP01-SC01;GJ-EP01-SC02;GJ-EP01-SC03;GJ-EP02-SC04;GJ-EP03-SC02;GJ-EP03-SC04;GJ-EP03-SC05,MB-C20-FACE,瘦长脸短披肩；辨脸不靠遮眼发缕，弓另归随身附件；衣型、体量和脸沿已选母版；干衣无新伤,"Single fictional Chinese man, age 34, a narrow face with flat cheekbone planes, fine firm brows, elongated eyes, tall slim frame and open neck posture. black hair bound away from the eyes. dark-gray short fine-wool shoulder cape over gray-blue close-woven cotton. Front-facing full-length standing costume study, both hands relaxed and visible, feet included. Plain warm-gray studio background, one subject, one frame. Lavish, high-end Chinese costume idol drama aesthetic, refined casting and fitted costume construction, luminous directional face modelling, natural skin texture, rich translucent color, readable dark fabrics. --ar 2:3 --v 8.2 --raw --s 75 --c 0",awaiting_parent_selection,MB-C20-FULL__v01__candidate.png
MB-C21-FACE,伍成｜正脸身份,MJ,C,,C21,GJ-EP01-SC01;GJ-EP01-SC02;GJ-EP01-SC03;GJ-EP02-SC04;GJ-EP03-SC02;GJ-EP03-SC03;GJ-EP03-SC05,,29岁轻瘦不幼态，浅褐短褂；跑腿不是杂耍,"Single fictional Chinese man, age 29, a narrow diamond face with modest cheek fullness, open brow tails, bright eyes, light lean adult frame with strong arms. plain bound black hair. light-brown short cotton jacket with warm-gray inner collar, thin wool underlayer. Front-facing head-and-shoulders portrait, neutral relaxed expression, unobstructed face, soft even face light. Plain warm-gray studio background, one subject, one frame. Lavish, high-end Chinese costume idol drama aesthetic, refined casting and fitted costume construction, luminous directional face modelling, natural skin texture, rich translucent color, readable dark fabrics. --ar 3:4 --v 8.2 --raw --s 75 --c 0",ready_for_exploration,MB-C21-FACE__v01__candidate.png
MB-C21-FULL,伍成｜全身干衣,MJ,C,,C21,GJ-EP01-SC01;GJ-EP01-SC02;GJ-EP01-SC03;GJ-EP02-SC04;GJ-EP03-SC02;GJ-EP03-SC03;GJ-EP03-SC05,MB-C21-FACE,29岁轻瘦不幼态，浅褐短褂；跑腿不是杂耍；衣型、体量和脸沿已选母版；干衣无新伤,"Single fictional Chinese man, age 29, a narrow diamond face with modest cheek fullness, open brow tails, bright eyes, light lean adult frame with strong arms. plain bound black hair. light-brown short cotton jacket with warm-gray inner collar, thin wool underlayer. Front-facing full-length standing costume study, both hands relaxed and visible, feet included. Plain warm-gray studio background, one subject, one frame. Lavish, high-end Chinese costume idol drama aesthetic, refined casting and fitted costume construction, luminous directional face modelling, natural skin texture, rich translucent color, readable dark fabrics. --ar 2:3 --v 8.2 --raw --s 75 --c 0",awaiting_parent_selection,MB-C21-FULL__v01__candidate.png
MB-C22-FACE,段平生｜正脸身份,MJ,C,,C22,GJ-EP01-SC01;GJ-EP01-SC02;GJ-EP01-SC03;GJ-EP02-SC04;GJ-EP03-SC05,,宽厚、米白领巾；厨房与战阵同一人，不能减出九卒,"Single fictional Chinese man, age 40, a broad rounded jaw, open thick eyebrows, gentle eyes, thick shoulders and naturally solid waist, warm sun-touched skin. plain bound black hair. warm-gray cotton travel coat, off-white woven neck cloth, fine-wool inner layer. Front-facing head-and-shoulders portrait, neutral relaxed expression, unobstructed face, soft even face light. Plain warm-gray studio background, one subject, one frame. Lavish, high-end Chinese costume idol drama aesthetic, refined casting and fitted costume construction, luminous directional face modelling, natural skin texture, rich translucent color, readable dark fabrics. --ar 3:4 --v 8.2 --raw --s 75 --c 0",ready_for_exploration,MB-C22-FACE__v01__candidate.png
MB-C22-FULL,段平生｜全身干衣,MJ,C,,C22,GJ-EP01-SC01;GJ-EP01-SC02;GJ-EP01-SC03;GJ-EP02-SC04;GJ-EP03-SC05,MB-C22-FACE,宽厚、米白领巾；厨房与战阵同一人，不能减出九卒；衣型、体量和脸沿已选母版；干衣无新伤,"Single fictional Chinese man, age 40, a broad rounded jaw, open thick eyebrows, gentle eyes, thick shoulders and naturally solid waist, warm sun-touched skin. plain bound black hair. warm-gray cotton travel coat, off-white woven neck cloth, fine-wool inner layer. Front-facing full-length standing costume study, both hands relaxed and visible, feet included. Plain warm-gray studio background, one subject, one frame. Lavish, high-end Chinese costume idol drama aesthetic, refined casting and fitted costume construction, luminous directional face modelling, natural skin texture, rich translucent color, readable dark fabrics. --ar 2:3 --v 8.2 --raw --s 75 --c 0",awaiting_parent_selection,MB-C22-FULL__v01__candidate.png
MB-C23-FACE,许照邻｜正脸身份,MJ,C,,C23,GJ-EP01-SC01;GJ-EP01-SC02;GJ-EP01-SC03;GJ-EP02-SC04;GJ-EP03-SC05,,窄脸青衣，与自己的方口包绑定；不是主角私人小行囊,"Single fictional Chinese man, age 32, a narrow face, defined brows, concentrated eyes, clear nose and jaw, evenly proportioned lean strong frame. neatly bound black hair. blue cotton travel clothes with smoky-gray inner layers, carefully finished bindings. Front-facing head-and-shoulders portrait, neutral relaxed expression, unobstructed face, soft even face light. Plain warm-gray studio background, one subject, one frame. Lavish, high-end Chinese costume idol drama aesthetic, refined casting and fitted costume construction, luminous directional face modelling, natural skin texture, rich translucent color, readable dark fabrics. --ar 3:4 --v 8.2 --raw --s 75 --c 0",ready_for_exploration,MB-C23-FACE__v01__candidate.png
MB-C23-FULL,许照邻｜全身干衣,MJ,C,,C23,GJ-EP01-SC01;GJ-EP01-SC02;GJ-EP01-SC03;GJ-EP02-SC04;GJ-EP03-SC05,MB-C23-FACE,窄脸青衣，与自己的方口包绑定；不是主角私人小行囊；衣型、体量和脸沿已选母版；干衣无新伤,"Single fictional Chinese man, age 32, a narrow face, defined brows, concentrated eyes, clear nose and jaw, evenly proportioned lean strong frame. neatly bound black hair. blue cotton travel clothes with smoky-gray inner layers, carefully finished bindings. Front-facing full-length standing costume study, both hands relaxed and visible, feet included. Plain warm-gray studio background, one subject, one frame. Lavish, high-end Chinese costume idol drama aesthetic, refined casting and fitted costume construction, luminous directional face modelling, natural skin texture, rich translucent color, readable dark fabrics. --ar 2:3 --v 8.2 --raw --s 75 --c 0",awaiting_parent_selection,MB-C23-FULL__v01__candidate.png
MB-ENV-S01,桥头完整空间,MJ,A,8,S01,GJ-EP01-SC01,,桥面完整、泥道连续；不生成世隙、裂空或九人一体图,"A low old stone bridge with an intact traversable deck, a continuous muddy footpath beside the cart route, worn parapets and open space at the approach for a small escort. Empty night setting, cold rain, low warm spill from a practical approach lantern, wet stone reflections, readable dark timber and gray masonry. --ar 16:9 --v 8.2 --raw --s 75 --c 0",ready_for_exploration,MB-ENV-S01__v01__candidate.png
MB-ENV-S02,南街汤摊与街口,MJ,B,,S02,GJ-EP01-SC02;GJ-EP02-SC03;GJ-EP03-SC02;GJ-EP03-SC03;GJ-EP03-SC04,,摊位不堵全街；顾府、短墙与西巷相接另由人工平面图锁定,"An ordinary street in a fictional Chinese capital, layered timber shopfronts, a small covered soup stall beside a continuous walkway, a steaming pot and bowls under warm practical stall lanterns, damp stone paving, cool rainy night beyond the awning. Empty of identifiable people, lived-in rather than a palace avenue. --ar 16:9 --v 8.2 --raw --s 75 --c 0",ready_for_exploration,MB-ENV-S02__v01__candidate.png
MB-ENV-S03-COURT,顾府外院,MJ,A,7,S03,GJ-EP01-SC03;GJ-EP01-SC04;GJ-EP01-SC06;GJ-EP02-SC01;GJ-EP02-SC02;GJ-EP02-SC04;GJ-EP02-SC05;GJ-EP03-SC01;GJ-EP03-SC02;GJ-EP03-SC03;GJ-EP03-SC04;GJ-EP03-SC05,POST-PLAN-COURT,南正门北前厅、西厢临外院；无中央水池，无额外秘道,"An old Chinese family courtyard seen from its south gate toward the north reception hall, west guest-room doors facing the open courtyard, east and west covered passages. Faded dark-red gate paint, refined weathered timber, blue-gray stone paving, a rain-catching basin kept beside a wall, no central pool. Cool overcast morning through the open sky, soft reflected light from pale plaster, empty walkable center. --ar 16:9 --v 8.2 --raw --s 75 --c 0",awaiting_parent_selection,MB-ENV-S03-COURT__v01__candidate.png
MB-ENV-S03-HALL,前厅固定大案,MJ,A,6,S03,GJ-EP01-SC03;GJ-EP01-SC04;GJ-EP01-SC06;GJ-EP02-SC01;GJ-EP02-SC02;GJ-EP02-SC04;GJ-EP02-SC05;GJ-EP03-SC01;GJ-EP03-SC02;GJ-EP03-SC03;GJ-EP03-SC04;GJ-EP03-SC05,POST-PLAN-COURT,固定大案与可移动小案分开，真票在内、来人隔门,"A modest old Chinese reception hall facing south into an open courtyard, a fixed large wooden table in the hall and a separate small portable table beside its doorway, east passage toward a study, west passage toward a bedroom. Fine repaired timber joinery, faded paint and a rain basin in one corner, overcast morning light from the south opening. --ar 16:9 --v 8.2 --raw --s 75 --c 0",awaiting_parent_selection,MB-ENV-S03-HALL__v01__candidate.png
MB-ENV-S03-W,外院西厢,MJ,B,,S03;S03-W,GJ-EP01-SC03;GJ-EP01-SC04;GJ-EP01-SC06;GJ-EP02-SC01;GJ-EP02-SC02;GJ-EP02-SC04;GJ-EP02-SC05;GJ-EP03-SC01;GJ-EP03-SC02;GJ-EP03-SC03;GJ-EP03-SC04;GJ-EP03-SC05,POST-PLAN-COURT,是九卒临住处，不是外库；九套铺盖与包后期逐件摆，不靠MJ数数,"A practical west guest room opening east onto an old Chinese courtyard, folded temporary bedding, separate personal travel bags along the inner wall, a low bench and plain iron cooking pot. Neatly used timber and cotton, soft cool morning light from the open east-facing door, empty room with a clear passage to the courtyard. --ar 16:9 --v 8.2 --raw --s 75 --c 0",awaiting_parent_selection,MB-ENV-S03-W__v01__candidate.png
MB-ENV-S04,书房,MJ,A,5,S04,GJ-EP01-SC04;GJ-EP01-SC05;GJ-EP01-SC06,POST-PLAN-COURT,窗朝府内、窗下柜、门内闩、铜镜案灯位置可复现；无祭坛、暗门光,"A small old Chinese study, an inward-bolted wooden door to the corridor, a paper lattice window facing the inner courtyard with a low wooden cabinet directly beneath it, a desk and a plain standing bronze mirror on the desk. Warm oil lamp on the desk, weak cool night light through the paper window, polished aged timber, empty room, no symbols or altar. --ar 16:9 --v 8.2 --raw --s 75 --c 0",awaiting_parent_selection,MB-ENV-S04__v01__candidate.png
MB-ENV-S05,卧房,MJ,B,,S05,GJ-EP02-SC01;GJ-EP02-SC02;GJ-EP02-SC05,POST-PLAN-COURT,与书房分房；不复制碎杯、铜镜、松窗闩,"A small Chinese bedroom separate from the study, a plain wooden bed against the inner wall, low bedside table, cloth screen and clear access from the corridor door. A sheltered oil lamp lights the bed gently, cool night ambience at a paper window, warm-gray bedding and repaired fine timber, no mirror or broken cup. --ar 16:9 --v 8.2 --raw --s 75 --c 0",awaiting_parent_selection,MB-ENV-S05__v01__candidate.png
MB-ENV-S06-WELL,后院井边,MJ,B,,S06,GJ-EP02-SC04,POST-PLAN-COURT,韩在府内洗手，不外出；井与外库门不混成同一点,"A small rear courtyard behind an old Chinese reception hall, a well and washing basin along the side, a short covered passage leading back to the front courtyard. Damp gray paving, plain wooden water bucket, cool overcast morning with soft sky reflections in the basin, empty safe walkway. --ar 16:9 --v 8.2 --raw --s 75 --c 0",awaiting_parent_selection,MB-ENV-S06-WELL__v01__candidate.png
MB-ENV-S06-K,外库门前,MJ,B,,S06;S06-K,GJ-EP01-SC03;GJ-EP02-SC04,POST-PLAN-COURT,第一集无封条、不展示里面、无遗信或发光机关,"The exterior doorway of an ordinary old storage room beside a rear courtyard passage, simple unsealed wooden door, worn threshold and plain wall, warm spill from a corridor oil lantern against a cool rainy night. Door partly ajar into unlit ordinary storage, contents not visible. --ar 16:9 --v 8.2 --raw --s 75 --c 0",awaiting_parent_selection,MB-ENV-S06-K__v01__candidate.png
MB-ENV-S07,现代岩壁局部,MJ,B,,S07,GJ-EP01-SC05,,只有主动收工局部；不画坠崖、尸体、现代正脸,"A close view of an outdoor climbing rock face meeting firm flat ground, a small section of a slack climbing rope, cool diffuse daylight, realistic rough stone and ordinary vegetation at the edge, no people or cliff fall, contemporary outdoor photographic finish. --ar 16:9 --v 8.2 --raw --s 75 --c 0",ready_for_exploration,MB-ENV-S07__v01__candidate.png
MB-P01-BASE,双轮敞棚小车,MJ,B,,P01,GJ-EP01-SC01,,本轮原创形制提案；只在桥头，绝非王寿租车；马另做,"A low two-wheeled wooden travelling cart with an open-sided cloth canopy, worn working timber, plain shafts and visible wheel hubs, side three-quarter view on neutral ground, diffuse studio light, separated silhouette. --ar 4:3 --v 8.2 --raw --s 75 --c 0",ready_for_exploration,MB-P01-BASE__v01__candidate.png
MB-P02-BASE,顾砚软口私人行囊,MJ,A,9,P02,GJ-EP01-SC01;GJ-EP01-SC02;GJ-EP01-SC03;GJ-EP02-SC02;GJ-EP02-SC05,,软口和小体量，不用许照邻方口包；军引、布套、零钱可容纳,"One small soft-mouthed dark cloth travel bag, tied opening, worn dense cotton, modest bulge from folded papers and personal belongings, three-quarter object view on warm-gray ground, soft side light revealing seams. --ar 4:3 --v 8.2 --raw --s 75 --c 0",ready_for_exploration,MB-P02-BASE__v01__candidate.png
MB-P03-BASE,军引空底与雨损,MJ,B,,P03,GJ-EP02-SC02,,正字另贴顾砚；雨损角不吞姓名，军引不与退籍路凭共版,"One folded off-white travel document with a softly water-stained lower corner, visible paper fibers and a reserved clear area for lettering, top-down view under even diffuse light, plain background, no writing. --ar 4:3 --v 8.2 --raw --s 75 --c 0",ready_for_exploration,MB-P03-BASE__v01__candidate.png
MB-P04-BASE,褐色布套与旧票,MJ,A,10,P04,GJ-EP02-SC02;GJ-EP02-SC05;GJ-EP03-SC02;GJ-EP03-SC03;GJ-EP03-SC04;GJ-EP03-SC05,,先定套与票的比例；闭合/打开派生不得变成新证物或秘籍,"One small brown cloth sleeve with several folded yellowed paper slips resting beside its opening, neat old creases, understated everyday military supply paperwork, top-down view on neutral cloth under diffuse light, blank surfaces for later lettering. --ar 4:3 --v 8.2 --raw --s 75 --c 0",ready_for_exploration,MB-P04-BASE__v01__candidate.png
MB-P06-BASE,E1a领条空底,MJ,A,11,P06,GJ-EP03-SC01;GJ-EP03-SC02;GJ-EP03-SC03;GJ-EP03-SC04;GJ-EP03-SC05,,必须保留收件人空白；无车行印、无官府大印，文字后制,"One narrow plain off-white paper slip laid flat, gently uneven handmade edges, a large clear lower area for later recipient and return-location lettering, top-down evenly lit object photograph, no writing. --ar 4:3 --v 8.2 --raw --s 75 --c 0",ready_for_exploration,MB-P06-BASE__v01__candidate.png
MB-P07-BASE,E1b租单空底,MJ,B,,P07,GJ-EP03-SC03;GJ-EP03-SC04;GJ-EP03-SC05,,与E1a纸形色阶、折痕可区分；不能写梁朔或共用徽记,"One small folded warm-tan rental paper with a visible horizontal crease, blank reserved blocks for a date, pickup place, return place and deposit, top-down flat object view, diffuse light. --ar 4:3 --v 8.2 --raw --s 75 --c 0",ready_for_exploration,MB-P07-BASE__v01__candidate.png
MB-P08-BASE,东巡所收件纸空底,MJ,B,,P08,GJ-EP03-SC05,,领条租单两行，刀另注；准确汉字由后制，不由MJ证明,"One fresh small pale paper receipt, a clear ruled layout with separate blank item lines and a lower signing area, top-down flat view, soft even light, no lettering. --ar 4:3 --v 8.2 --raw --s 75 --c 0",ready_for_exploration,MB-P08-BASE__v01__candidate.png
MB-P09-BASE,完整杯母形,MJ,B,,P09,GJ-EP01-SC04;GJ-EP01-SC05;GJ-EP01-SC06,,完整/碎裂必须同杯，碎片单独延展；不是毒杯,"One small plain pale ceramic drinking cup with a modest rounded lip and subtle glaze variation, isolated three-quarter view, soft side light, neutral background. --ar 4:3 --v 8.2 --raw --s 75 --c 0",ready_for_exploration,MB-P09-BASE__v01__candidate.png
MB-P10-BASE,布药箱,MJ,B,,P10,GJ-EP01-SC03;GJ-EP02-SC01;GJ-EP02-SC05;GJ-EP03-SC05,,顾伯照护物，普通无神医符纹；张济诊具另在摆设项,"One modest cloth-wrapped wooden medicine box with plain compartments closed, warm-gray cotton wrap, careful old stitching, neutral tabletop object view, soft side lighting. --ar 4:3 --v 8.2 --raw --s 75 --c 0",ready_for_exploration,MB-P10-BASE__v01__candidate.png
MB-P11-BASE,王寿短刃外观,MJ,B,,P11,GJ-EP03-SC03;GJ-EP03-SC04;GJ-EP03-SC05,,仅外观道具概念，不给尺寸磨刃或操作方法；不加上游徽记,"One plain compact theatrical short blade with a simple dark handle and a matching closed scabbard beside it, dull low-gloss metal, neutral horizontal product view, diffuse light. --ar 4:3 --v 8.2 --raw --s 75 --c 0",ready_for_exploration,MB-P11-BASE__v01__candidate.png
MB-P12-BASE,现代袖与绳局部,MJ,B,,P12,GJ-EP01-SC05,,现代29岁陈渡局部，不是杨舟，不是坠落，不作绳具操作教程,"A cropped chalk-dusted adult Chinese man's hand withdrawing from rock after a climb, ordinary gray-blue modern outdoor sleeve, slack rope at the side and stable ground below, diffuse daylight, no face in frame. --ar 4:3 --v 8.2 --raw --s 75 --c 0",ready_for_exploration,MB-P12-BASE__v01__candidate.png
MB-P14-BASE,浅灰干衣版型,MJ,B,,P14,GJ-EP01-SC03,,穿上后的原顾今顾共版；不增华服或第二套脸,"One folded pale-gray cross-collar inner robe made of dense soft cotton, smoky-gray edging, precise plain seams, neutral tabletop view under diffuse light, no embroidery or jewellery. --ar 4:3 --v 8.2 --raw --s 75 --c 0",ready_for_exploration,MB-P14-BASE__v01__candidate.png
MB-P15-BASE,糖罐与勺,MJ,B,,P15,GJ-EP02-SC05;GJ-EP03-SC05,,与厨房盐罐位置区分，药杯/碎杯不共用；三集形制连续,"One small plain glazed sugar jar with its lid beside it and a simple wooden spoon, pale granular sugar just visible at the mouth, warm-gray background, soft object lighting. --ar 4:3 --v 8.2 --raw --s 75 --c 0",ready_for_exploration,MB-P15-BASE__v01__candidate.png
MB-P16-BASE,单片退制阵甲,MJ,A,12,P16,GJ-EP01-SC01;GJ-EP03-SC03,,一片母形、无悬浮；九人的旧磨痕后期做个体变体，不让新图增加法力,"One small worn copper-colored fictional training plate with restrained engraved channels, a plain attachment loop and edge wear, dark neutral background, raking side light showing shallow relief, unlit metal. --ar 4:3 --v 8.2 --raw --s 75 --c 0",ready_for_exploration,MB-P16-BASE__v01__candidate.png
MB-P17-BASE,退籍路凭空底,MJ,B,,P17,GJ-EP02-SC04,,九人分属姓名后制，不能用顾砚军引；不变召令,"One modest folded retirement travel paper wrapped in plain dry cloth, blank paper face with a small reserved equipment-record area, flat object study under diffuse light. --ar 4:3 --v 8.2 --raw --s 75 --c 0",ready_for_exploration,MB-P17-BASE__v01__candidate.png
MB-P18-BASE,共同饭钱账,MJ,B,,P18,GJ-EP02-SC04;GJ-EP03-SC05,,许的伙食账，不是顾府发军饷；钱袋另拆单物任务,"One very thin hand-bound household ledger lying closed on neutral cloth, plain faded blue-gray paper cover, slight page wear, a simple blank label area, soft top lighting. --ar 4:3 --v 8.2 --raw --s 75 --c 0",ready_for_exploration,MB-P18-BASE__v01__candidate.png
MB-C01-RAIN-PRE,原顾雨夜受袭前,MJ,B,,C01,GJ-EP01-SC01,MB-C01-FULL,受袭前未有这次擦破；原顾熟练克制；全身左右以角色自身为准,"Single fictional Chinese man, age 24, a long oval face, defined cheekbones, thick straight brows, slender almond dark-brown eyes with shallow inner folds, straight nose, defined cupid's bow, slightly fuller lower lip, warm wheat skin, clean-shaven, tall lean athletic build. long black hair in one neat topknot with a plain dark wooden pin. rain-soaked ink-blue travel robe over smoky-gray layers, old bandaging concealed under the left shoulder, both feet grounded, right hand holding a plain sheathed travel blade. Single full-length standing costume continuity study. Plain warm-gray studio background, one subject, one frame. Lavish, high-end Chinese costume idol drama aesthetic, refined casting and fitted costume construction, luminous directional face modelling, natural skin texture, rich translucent color, readable dark fabrics. --ar 2:3 --v 8.2 --raw --s 75 --c 0",awaiting_parent_selection,MB-C01-RAIN-PRE__v01__candidate.png
MB-C01-RAIN-POST,原顾雨夜受袭后,MJ,B,,C01,GJ-EP01-SC01;GJ-EP01-SC02;GJ-EP01-SC03,MB-C01-RAIN-PRE,只有左肩旧伤震动加擦伤；不露深伤、不改脸,"Single fictional Chinese man, age 24, a long oval face, defined cheekbones, thick straight brows, slender almond dark-brown eyes with shallow inner folds, straight nose, defined cupid's bow, slightly fuller lower lip, warm wheat skin, clean-shaven, tall lean athletic build. long black hair in one neat topknot with a plain dark wooden pin. rain-soaked ink-blue travel robe with a small fresh abrasion tear and restrained blood stain on his own left shoulder, right hand shielding that shoulder, tense but upright stance. Single full-length standing costume continuity study. Plain warm-gray studio background, one subject, one frame. Lavish, high-end Chinese costume idol drama aesthetic, refined casting and fitted costume construction, luminous directional face modelling, natural skin texture, rich translucent color, readable dark fabrics. --ar 2:3 --v 8.2 --raw --s 75 --c 0",awaiting_parent_selection,MB-C01-RAIN-POST__v01__candidate.png
MB-C01-DRY,浅灰干衣与左肩包扎,MJ,B,,C01;C02;P14,GJ-EP01-SC03;GJ-EP01-SC04;GJ-EP01-SC05;GJ-EP01-SC06;GJ-EP02-SC01;GJ-EP02-SC02;GJ-EP02-SC05;GJ-EP03-SC01;GJ-EP03-SC02;GJ-EP03-SC03;GJ-EP03-SC04;GJ-EP03-SC05,MB-C01-FULL,C01换衣后与C02同一母版；左臂不作承重；膝碰痛不擅添可见开放伤,"Single fictional Chinese man, age 24, a long oval face, defined cheekbones, thick straight brows, slender almond dark-brown eyes with shallow inner folds, straight nose, defined cupid's bow, slightly fuller lower lip, warm wheat skin, clean-shaven, tall lean athletic build. long black hair in one neat topknot with a plain dark wooden pin. dry pale-gray inner robe with smoky-gray edging, plain layered cross-collar, bandaging at his own left shoulder, injury-side sleeve worn loose, natural upright resting pose, no weapon in hand. Single full-length standing costume continuity study. Plain warm-gray studio background, one subject, one frame. Lavish, high-end Chinese costume idol drama aesthetic, refined casting and fitted costume construction, luminous directional face modelling, natural skin texture, rich translucent color, readable dark fabrics. --ar 2:3 --v 8.2 --raw --s 75 --c 0",awaiting_parent_selection,MB-C01-DRY__v01__candidate.png
MB-C06-RAIN-PRE,黄祁雨夜遮面状态,MJ,B,,C06,GJ-EP01-SC01,MB-C06-FULL,面罩是可脱外观，不替代独立脸；无徽记；本次制作用右手持刃,"Single fictional Chinese man, age 34, a long rectangular face with high clear cheekbones, angled brows, narrow eyes, tall wiry athletic build. black hair bound close to the head, face unobscured in this identity study. wet black and charcoal travel clothes, plain dark rain hat, lower-face cloth covering only the lower half of the face, brows and eyes visible, right hand at a plain sheathed blade. Single full-length standing costume continuity study. Plain warm-gray studio background, one subject, one frame. Lavish, high-end Chinese costume idol drama aesthetic, refined casting and fitted costume construction, luminous directional face modelling, natural skin texture, rich translucent color, readable dark fabrics. --ar 2:3 --v 8.2 --raw --s 75 --c 0",awaiting_parent_selection,MB-C06-RAIN-PRE__v01__candidate.png
MB-C06-RAIN-POST,黄祁败退伤衣,MJ,B,,C06,GJ-EP01-SC01,MB-C06-RAIN-PRE,右上臂新伤，与顾砚左肩不同；不因换角度换侧,"Single fictional Chinese man, age 34, a long rectangular face with high clear cheekbones, angled brows, narrow eyes, tall wiry athletic build. black hair bound close to the head, face unobscured in this identity study. wet black and charcoal travel layers, displaced lower-face cloth showing part of his side face, a small torn area and restrained blood stain on his own right upper arm, right arm lowered, guarded standing posture. Single full-length standing costume continuity study. Plain warm-gray studio background, one subject, one frame. Lavish, high-end Chinese costume idol drama aesthetic, refined casting and fitted costume construction, luminous directional face modelling, natural skin texture, rich translucent color, readable dark fabrics. --ar 2:3 --v 8.2 --raw --s 75 --c 0",awaiting_parent_selection,MB-C06-RAIN-POST__v01__candidate.png
MB-C07-RAIN,罗顺雨帽与湿衣,MJ,B,,C07,GJ-EP01-SC01,MB-C07-FULL,无黄祁同款伤口；接触转沾须后续按实际动作,"Single fictional Chinese man, age 26, a short square-round face, thick straight brows, broad eyes, solid nose wings and jaw, strong neck and shoulders. black hair tied simply, ordinary gray-brown rain hat worn back to show the face. ordinary gray-brown rain hat over tied hair, wet gray-brown short travel coat with dark blue inner collar, damp fitted sleeves, grounded stance. Single full-length standing costume continuity study. Plain warm-gray studio background, one subject, one frame. Lavish, high-end Chinese costume idol drama aesthetic, refined casting and fitted costume construction, luminous directional face modelling, natural skin texture, rich translucent color, readable dark fabrics. --ar 2:3 --v 8.2 --raw --s 75 --c 0",awaiting_parent_selection,MB-C07-RAIN__v01__candidate.png
MB-C02-FEAR,今顾收住的害怕,MJ,B,,C02,GJ-EP01-SC05;GJ-EP01-SC06;GJ-EP02-SC02,MB-C01-DRY,同脸、只变表演；不换瞳色，不化妆成第二个人,"Single fictional Chinese man, age 24, a long oval face, defined cheekbones, thick straight brows, slender almond dark-brown eyes with shallow inner folds, straight nose, defined cupid's bow, slightly fuller lower lip, warm wheat skin, clean-shaven, tall lean athletic build. long black hair in one neat topknot with a plain dark wooden pin. dry pale-gray cross-collar inner robe, loose left shoulder wrapping, lips parting slightly before he holds back a question, eyes alert and unsure, head-and-shoulders portrait. Head-and-shoulders performance study. Plain warm-gray studio background, one subject, one frame. Lavish, high-end Chinese costume idol drama aesthetic, refined casting and fitted costume construction, luminous directional face modelling, natural skin texture, rich translucent color, readable dark fabrics. --ar 3:4 --v 8.2 --raw --s 75 --c 0",awaiting_parent_selection,MB-C02-FEAR__v01__candidate.png
MB-C02-FOCUS,今顾问清再交,MJ,B,,C02,GJ-EP03-SC01;GJ-EP03-SC02;GJ-EP03-SC05,MB-C01-DRY,认真来自选择，不靠邪魅笑或新战斗装备,"Single fictional Chinese man, age 24, a long oval face, defined cheekbones, thick straight brows, slender almond dark-brown eyes with shallow inner folds, straight nose, defined cupid's bow, slightly fuller lower lip, warm wheat skin, clean-shaven, tall lean athletic build. long black hair in one neat topknot with a plain dark wooden pin. dry pale-gray cross-collar inner robe, left sleeve loose, calm direct gaze with a slight tightening at the mouth, head-and-shoulders portrait. Head-and-shoulders performance study. Plain warm-gray studio background, one subject, one frame. Lavish, high-end Chinese costume idol drama aesthetic, refined casting and fitted costume construction, luminous directional face modelling, natural skin texture, rich translucent color, readable dark fabrics. --ar 3:4 --v 8.2 --raw --s 75 --c 0",awaiting_parent_selection,MB-C02-FOCUS__v01__candidate.png
MB-C03-RAIN,韩青｜归途湿衣,MJ,B,,C03,GJ-EP01-SC01;GJ-EP01-SC02;GJ-EP01-SC03,MB-C03-FULL,比顾砚脸短宽，灰青窄袖；成熟炼身，不是少年将军；只改湿度与下摆泥痕，不新增本人伤口；回府后渐干,"Single fictional Chinese man, age 25, a compact face broader through the cheeks, open almond eyes, straight brows, rounded nose tip, clean square jaw, sun-tanned warm skin, clean-shaven, strong shoulders and forearms. black hair in a compact topknot tied with gray-blue cloth. gray-blue narrow-sleeved travel jacket, thin wool inner layer, plain waist belt, neatly finished cotton cuffs, rain-soaked cloth, restrained road mud at hems. Full-length standing costume continuity study. Plain warm-gray studio background, one subject, one frame. Lavish, high-end Chinese costume idol drama aesthetic, refined casting and fitted costume construction, luminous directional face modelling, natural skin texture, rich translucent color, readable dark fabrics. --ar 2:3 --v 8.2 --raw --s 75 --c 0",awaiting_parent_selection,MB-C03-RAIN__v01__candidate.png
MB-C16-RAIN,杜长庚｜归途湿衣,MJ,B,,C16,GJ-EP01-SC01;GJ-EP01-SC02;GJ-EP01-SC03,MB-C16-FULL,43岁灰鬓、褐围巾、宽肩；不穿将军甲；只改湿度与下摆泥痕，不新增本人伤口；回府后渐干,"Single fictional Chinese man, age 43, a rectangular-square face, broad jaw, low straight thick eyebrows, narrow calm eyes, straight broad nose, lightly graying temples, broad shoulders. black hair bound in a plain topknot. brown fine-wool scarf, dark brown-gray fitted travel layers, narrow cuffs, plain cloth belt, rain-soaked cloth, restrained road mud at hems. Full-length standing costume continuity study. Plain warm-gray studio background, one subject, one frame. Lavish, high-end Chinese costume idol drama aesthetic, refined casting and fitted costume construction, luminous directional face modelling, natural skin texture, rich translucent color, readable dark fabrics. --ar 2:3 --v 8.2 --raw --s 75 --c 0",awaiting_parent_selection,MB-C16-RAIN__v01__candidate.png
MB-C17-RAIN,石照川｜归途湿衣,MJ,B,,C17,GJ-EP01-SC01;GJ-EP01-SC02;GJ-EP01-SC03,MB-C17-FULL,宽肩方脸靛布，不夸张巨人化；搬物动作稳定；只改湿度与下摆泥痕，不新增本人伤口；回府后渐干,"Single fictional Chinese man, age 38, a square face, broad flat brow ridge, open eyes, weighty jaw, broad chest and shoulders, proportionate sturdy build. plain tightly bound black hair. indigo cotton outer jacket over dark-gray fine wool, narrow cuffs and plain belt, rain-soaked cloth, restrained road mud at hems. Full-length standing costume continuity study. Plain warm-gray studio background, one subject, one frame. Lavish, high-end Chinese costume idol drama aesthetic, refined casting and fitted costume construction, luminous directional face modelling, natural skin texture, rich translucent color, readable dark fabrics. --ar 2:3 --v 8.2 --raw --s 75 --c 0",awaiting_parent_selection,MB-C17-RAIN__v01__candidate.png
MB-C18-RAIN,孟宽｜归途湿衣,MJ,B,,C18,GJ-EP01-SC01;GJ-EP01-SC02;GJ-EP01-SC03,MB-C18-FULL,粗眉短须赭腰带，与孟达绝不共脸；只改湿度与下摆泥痕，不新增本人伤口；回府后渐干,"Single fictional Chinese man, age 36, a broad rectangular face, thick natural brows, lively eyes, short beard, strong jaw and muscular shoulders. plain bound black hair. smoky-gray travel coat over dark-brown layers, clearly visible ochre cloth belt, rain-soaked cloth, restrained road mud at hems. Full-length standing costume continuity study. Plain warm-gray studio background, one subject, one frame. Lavish, high-end Chinese costume idol drama aesthetic, refined casting and fitted costume construction, luminous directional face modelling, natural skin texture, rich translucent color, readable dark fabrics. --ar 2:3 --v 8.2 --raw --s 75 --c 0",awaiting_parent_selection,MB-C18-RAIN__v01__candidate.png
MB-C19-RAIN,罗百泉｜归途湿衣,MJ,B,,C19,GJ-EP01-SC01;GJ-EP01-SC02;GJ-EP01-SC03,MB-C19-FULL,45岁灰短须，前三集正常步态不提前跛行；只改湿度与下摆泥痕，不新增本人伤口；回府后渐干,"Single fictional Chinese man, age 45, a long face, open relaxed brows, clear nose, neat short gray beard, lean strong frame, upright balanced stance. black-and-gray hair tied simply. gray-brown travel layers with a lighter inner collar, long clean vertical lines, rain-soaked cloth, restrained road mud at hems. Full-length standing costume continuity study. Plain warm-gray studio background, one subject, one frame. Lavish, high-end Chinese costume idol drama aesthetic, refined casting and fitted costume construction, luminous directional face modelling, natural skin texture, rich translucent color, readable dark fabrics. --ar 2:3 --v 8.2 --raw --s 75 --c 0",awaiting_parent_selection,MB-C19-RAIN__v01__candidate.png
MB-C20-RAIN,崔望野｜归途湿衣,MJ,B,,C20,GJ-EP01-SC01;GJ-EP01-SC02;GJ-EP01-SC03,MB-C20-FULL,瘦长脸短披肩；辨脸不靠遮眼发缕，弓另归随身附件；只改湿度与下摆泥痕，不新增本人伤口；回府后渐干,"Single fictional Chinese man, age 34, a narrow face with flat cheekbone planes, fine firm brows, elongated eyes, tall slim frame and open neck posture. black hair bound away from the eyes. dark-gray short fine-wool shoulder cape over gray-blue close-woven cotton, rain-soaked cloth, restrained road mud at hems. Full-length standing costume continuity study. Plain warm-gray studio background, one subject, one frame. Lavish, high-end Chinese costume idol drama aesthetic, refined casting and fitted costume construction, luminous directional face modelling, natural skin texture, rich translucent color, readable dark fabrics. --ar 2:3 --v 8.2 --raw --s 75 --c 0",awaiting_parent_selection,MB-C20-RAIN__v01__candidate.png
MB-C21-RAIN,伍成｜归途湿衣,MJ,B,,C21,GJ-EP01-SC01;GJ-EP01-SC02;GJ-EP01-SC03,MB-C21-FULL,29岁轻瘦不幼态，浅褐短褂；跑腿不是杂耍；只改湿度与下摆泥痕，不新增本人伤口；回府后渐干,"Single fictional Chinese man, age 29, a narrow diamond face with modest cheek fullness, open brow tails, bright eyes, light lean adult frame with strong arms. plain bound black hair. light-brown short cotton jacket with warm-gray inner collar, thin wool underlayer, rain-soaked cloth, restrained road mud at hems. Full-length standing costume continuity study. Plain warm-gray studio background, one subject, one frame. Lavish, high-end Chinese costume idol drama aesthetic, refined casting and fitted costume construction, luminous directional face modelling, natural skin texture, rich translucent color, readable dark fabrics. --ar 2:3 --v 8.2 --raw --s 75 --c 0",awaiting_parent_selection,MB-C21-RAIN__v01__candidate.png
MB-C22-RAIN,段平生｜归途湿衣,MJ,B,,C22,GJ-EP01-SC01;GJ-EP01-SC02;GJ-EP01-SC03,MB-C22-FULL,宽厚、米白领巾；厨房与战阵同一人，不能减出九卒；只改湿度与下摆泥痕，不新增本人伤口；回府后渐干,"Single fictional Chinese man, age 40, a broad rounded jaw, open thick eyebrows, gentle eyes, thick shoulders and naturally solid waist, warm sun-touched skin. plain bound black hair. warm-gray cotton travel coat, off-white woven neck cloth, fine-wool inner layer, rain-soaked cloth, restrained road mud at hems. Full-length standing costume continuity study. Plain warm-gray studio background, one subject, one frame. Lavish, high-end Chinese costume idol drama aesthetic, refined casting and fitted costume construction, luminous directional face modelling, natural skin texture, rich translucent color, readable dark fabrics. --ar 2:3 --v 8.2 --raw --s 75 --c 0",awaiting_parent_selection,MB-C22-RAIN__v01__candidate.png
MB-C23-RAIN,许照邻｜归途湿衣,MJ,B,,C23,GJ-EP01-SC01;GJ-EP01-SC02;GJ-EP01-SC03,MB-C23-FULL,窄脸青衣，与自己的方口包绑定；不是主角私人小行囊；只改湿度与下摆泥痕，不新增本人伤口；回府后渐干,"Single fictional Chinese man, age 32, a narrow face, defined brows, concentrated eyes, clear nose and jaw, evenly proportioned lean strong frame. neatly bound black hair. blue cotton travel clothes with smoky-gray inner layers, carefully finished bindings, rain-soaked cloth, restrained road mud at hems. Full-length standing costume continuity study. Plain warm-gray studio background, one subject, one frame. Lavish, high-end Chinese costume idol drama aesthetic, refined casting and fitted costume construction, luminous directional face modelling, natural skin texture, rich translucent color, readable dark fabrics. --ar 2:3 --v 8.2 --raw --s 75 --c 0",awaiting_parent_selection,MB-C23-RAIN__v01__candidate.png
MB-BAG-C23,许照邻方口包,MJ,B,,C23,GJ-EP01-SC01;GJ-EP01-SC02;GJ-EP01-SC03;GJ-EP02-SC04;GJ-EP03-SC05,,与P02软口小行囊必须一眼区分；非新P号,"One square-mouthed structured blue-cloth travel satchel with a fitted cover flap, carefully tied bindings and visible edge repairs, neutral object study with soft side light. --ar 4:3 --v 8.2 --raw --s 75 --c 0",ready_for_exploration,MB-BAG-C23__v01__candidate.png
MB-P10-BOWL,热粥碗,MJ,B,,P10,GJ-EP01-SC03;GJ-EP02-SC01;GJ-EP02-SC05;GJ-EP03-SC05,,冷热改变蒸汽，不改变碗；不能复制书房碎杯,"One plain warm-gray ceramic bowl containing softly steaming rice porridge, simple everyday vessel, tabletop object view, diffuse side light and subtle glaze reflections. --ar 4:3 --v 8.2 --raw --s 75 --c 0",ready_for_exploration,MB-P10-BOWL__v01__candidate.png
MB-P10-WATER,温水杯,MJ,B,,P10,GJ-EP01-SC03;GJ-EP02-SC01;GJ-EP02-SC05;GJ-EP03-SC05,,与P09 pale圆口杯母形不同；顾伯留右手边,"One straight-sided plain brown ceramic water cup with warm water, modest daily vessel, neutral object view, diffuse side light. --ar 4:3 --v 8.2 --raw --s 75 --c 0",ready_for_exploration,MB-P10-WATER__v01__candidate.png
MB-P18-POUCH,共同饭钱袋,MJ,B,,P18,GJ-EP02-SC04;GJ-EP03-SC05,,合凑饭钱，不把各人安家钱都装在此袋,"One small plain dark-gray drawstring coin pouch, modest weight sagging at the bottom, intact cotton cord and fine old stitches, isolated object study, diffuse light. --ar 4:3 --v 8.2 --raw --s 75 --c 0",ready_for_exploration,MB-P18-POUCH__v01__candidate.png
MB-S04-MIRROR,书房铜镜实体,MJ,B,,S04,GJ-EP01-SC04;GJ-EP01-SC05;GJ-EP01-SC06,,普通反射、不出现第二人格；镜内人需后制匹配,"One plain standing bronze mirror on a modest dark wooden support, softly imperfect ordinary reflective surface, three-quarter object view, neutral background, angled diffuse light. --ar 4:3 --v 8.2 --raw --s 75 --c 0",ready_for_exploration,MB-S04-MIRROR__v01__candidate.png
MB-S04-LATCH,书房门内闩,MJ,B,,S04,GJ-EP01-SC04;GJ-EP01-SC05;GJ-EP01-SC06,,开闭两态同构件，原顾亲手闩、今顾亲手开；不是密码机关,"The inside of a plain Chinese timber study door with one simple horizontal wooden bolt mounted on the door, worn contact marks, close object detail, warm practical lamp illumination. --ar 4:3 --v 8.2 --raw --s 75 --c 0",ready_for_exploration,MB-S04-LATCH__v01__candidate.png
MB-S04-LAMP,书房案灯,MJ,B,,S04,GJ-EP01-SC04;GJ-EP01-SC05;GJ-EP01-SC06,,光源不漂浮；定灯座位置后才延展夜景,"One modest oil lamp on an aged wooden desk, a small steady flame sheltered by a plain pale shade, warm localized light with quick falloff into the room, realistic soot-free everyday object. --ar 4:3 --v 8.2 --raw --s 75 --c 0",ready_for_exploration,MB-S04-LAMP__v01__candidate.png
MB-S03-TABLE,门院可移动小案,MJ,A,,S03,GJ-EP01-SC03;GJ-EP01-SC04;GJ-EP01-SC06;GJ-EP02-SC01;GJ-EP02-SC02;GJ-EP02-SC04;GJ-EP02-SC05;GJ-EP03-SC01;GJ-EP03-SC02;GJ-EP03-SC03;GJ-EP03-SC04;GJ-EP03-SC05,MB-ENV-S03-HALL,不同于前厅固定大案；门外人只能伸手够到它,"One small portable wooden side table, four plain legs, enough tabletop for one narrow paper and a writing brush, fine repaired joinery, isolated three-quarter object view under diffuse light. --ar 4:3 --v 8.2 --raw --s 75 --c 0",awaiting_parent_selection,MB-S03-TABLE__v01__candidate.png
MB-S03-LARGE,前厅固定大案,MJ,B,,S03,GJ-EP01-SC03;GJ-EP01-SC04;GJ-EP01-SC06;GJ-EP02-SC01;GJ-EP02-SC02;GJ-EP02-SC04;GJ-EP02-SC05;GJ-EP03-SC01;GJ-EP03-SC02;GJ-EP03-SC03;GJ-EP03-SC04;GJ-EP03-SC05,MB-ENV-S03-HALL,真票在更里面；不移动到门槛、不与小案互换,"One substantial old wooden reception table, broad heavy top, plain strong legs, refined worn joinery and a dark satin wood surface, isolated three-quarter object view under diffuse light. --ar 4:3 --v 8.2 --raw --s 75 --c 0",awaiting_parent_selection,MB-S03-LARGE__v01__candidate.png
MB-P01-HORSE,小车配套棕马,MJ,B,,P01,GJ-EP01-SC01,MB-P01-BASE,原创造型细化，一马双轮车；无独立车夫、不作驾驭教学,"One ordinary brown travelling horse with plain period leather harness, standing calmly on neutral ground in full side view, realistic proportions, diffuse daylight, no rider. --ar 4:3 --v 8.2 --raw --s 75 --c 0",awaiting_parent_selection,MB-P01-HORSE__v01__candidate.png
MB-WEAPON-BLADE,旅用刀鞘外观族,MJ,B,,C01;C03;C16,GJ-EP01-SC01;GJ-EP01-SC02;GJ-EP01-SC03;GJ-EP01-SC04;GJ-EP01-SC06;GJ-EP02-SC02;GJ-EP02-SC04;GJ-EP02-SC05;GJ-EP03-SC01;GJ-EP03-SC02;GJ-EP03-SC03;GJ-EP03-SC04;GJ-EP03-SC05,,仅母形提案；不自动分给所有九卒，不加神兵纹章或现实制作参数,"One plain sheathed period travel blade with a modest dark handle, restrained worn metal fittings and a cloth-wrapped grip, isolated side view under diffuse light, fictional film prop design. --ar 4:3 --v 8.2 --raw --s 75 --c 0",ready_for_exploration,MB-WEAPON-BLADE__v01__candidate.png
MB-WEAPON-SPEAR,罗百泉长兵外观,MJ,B,,C19,GJ-EP01-SC01;GJ-EP01-SC02;GJ-EP01-SC03;GJ-EP02-SC04;GJ-EP03-SC05,,老枪手视觉附件；不以长度数据或实际战术指导出图,"One plain long wooden-shafted spear film prop with restrained dark-metal fittings, full side silhouette against neutral gray, soft even light. --ar 16:9 --v 8.2 --raw --s 75 --c 0",ready_for_exploration,MB-WEAPON-SPEAR__v01__candidate.png
MB-WEAPON-BOW,崔望野裹弓,MJ,B,,C20,GJ-EP01-SC01;GJ-EP01-SC02;GJ-EP01-SC03;GJ-EP02-SC04;GJ-EP03-SC02;GJ-EP03-SC04;GJ-EP03-SC05,,开篇防雨包裹，非现代复合弓；军中重械不凭空出现,"One simple traditional bow wrapped in dark rain-protection cloth, curved silhouette still readable under the tied covering, horizontal isolated object study, diffuse light. --ar 4:3 --v 8.2 --raw --s 75 --c 0",ready_for_exploration,MB-WEAPON-BOW__v01__candidate.png
MB-KITCHEN-SALT,灶边糖盐双罐组,MJ,B,,S03-W,GJ-EP01-SC03;GJ-EP02-SC04,,一组两只灶用罐，先拿糖后换盐；不复用前厅小糖罐P15，不靠生成汉字辨认，摆位与罐口磨耗人工锁定,"A matched pair of ordinary squat unglazed gray kitchen storage jars with simple lids, slightly different rim wear, placed side by side, granulated sugar in the left jar and fine salt in the right jar, no lettering, isolated prop set study, neutral soft light. --ar 4:3 --v 8.2 --raw --s 75 --c 0",ready_for_exploration,MB-KITCHEN-SALT__v01__candidate.png
MB-C11-KIT,郎中诊具包,MJ,B,,C11,GJ-EP02-SC01,,与顾伯P10箱区分，不给现代听诊器或仙医法器,"One modest blue-gray cloth medical satchel resting closed, simple compartments and neat bindings, plain daily professional equipment, isolated object view under diffuse light. --ar 4:3 --v 8.2 --raw --s 75 --c 0",ready_for_exploration,MB-C11-KIT__v01__candidate.png
MB-LIGHT-S02,清晨街口,MJ,B,,S02,GJ-EP02-SC03;GJ-EP03-SC02;GJ-EP03-SC04,MB-ENV-S02,与父母版同一拓扑及机位；只改昼夜光态，不新增建筑,"Edit the selected empty set master. Replace night lighting with cool early-morning daylight; preserve the selected street geometry and stall placement. High-end Chinese costume drama set, readable shadows, empty room or street, one frame. --ar 16:9 --v 8.2 --raw --s 75 --c 0",awaiting_parent_selection,MB-LIGHT-S02__v01__candidate.png
MB-LIGHT-S03-COURT,雨后夜院,MJ,B,,S03,GJ-EP01-SC03;GJ-EP01-SC04,MB-ENV-S03-COURT,与父母版同一拓扑及机位；只改昼夜光态，不新增建筑,"Edit the selected empty set master. Replace daylight with restrained warm practical lamps and cool wet-night ambient light; preserve every door and passage. High-end Chinese costume drama set, readable shadows, empty room or street, one frame. --ar 16:9 --v 8.2 --raw --s 75 --c 0",awaiting_parent_selection,MB-LIGHT-S03-COURT__v01__candidate.png
MB-LIGHT-S03-HALL,夜间前厅,MJ,B,,S03,GJ-EP01-SC03,MB-ENV-S03-HALL,与父母版同一拓扑及机位；只改昼夜光态，不新增建筑,"Edit the selected empty set master. Replace daylight with warm practical lamp light and cool night fill; preserve the fixed large table and door geometry. High-end Chinese costume drama set, readable shadows, empty room or street, one frame. --ar 16:9 --v 8.2 --raw --s 75 --c 0",awaiting_parent_selection,MB-LIGHT-S03-HALL__v01__candidate.png
MB-LIGHT-S03-W,夜间西厢,MJ,B,,S03;S03-W,GJ-EP01-SC03;GJ-EP02-SC02,MB-ENV-S03-W,与父母版同一拓扑及机位；只改昼夜光态，不新增建筑,"Edit the selected empty set master. Replace daylight with warm practical lamps and cool night fill; preserve sleeping and luggage zones. High-end Chinese costume drama set, readable shadows, empty room or street, one frame. --ar 16:9 --v 8.2 --raw --s 75 --c 0",awaiting_parent_selection,MB-LIGHT-S03-W__v01__candidate.png
MB-LIGHT-S05,清晨卧房,MJ,B,,S05,GJ-EP02-SC05,MB-ENV-S05,与父母版同一拓扑及机位；只改昼夜光态，不新增建筑,"Edit the selected empty set master. Replace night lighting with gentle cool morning window light; preserve bed, doors and furniture. High-end Chinese costume drama set, readable shadows, empty room or street, one frame. --ar 16:9 --v 8.2 --raw --s 75 --c 0",awaiting_parent_selection,MB-LIGHT-S05__v01__candidate.png
MB-TEST-C01-BLOOM,顾砚高光扩散单变量对照（选做）,MJ,OPTIONAL,,C01;C02,GJ-EP01-SC01;GJ-EP01-SC02;GJ-EP01-SC03;GJ-EP01-SC04;GJ-EP01-SC05;GJ-EP01-SC06;GJ-EP02-SC01;GJ-EP02-SC02;GJ-EP02-SC05;GJ-EP03-SC01;GJ-EP03-SC02;GJ-EP03-SC03;GJ-EP03-SC04;GJ-EP03-SC05,MB-C01-FACE,只比较高光扩散有／无；不以磨皮、改脸替代柔光，其他参数与母版相同,"Edit the selected portrait. Preserve identity, pose, clothing, background, framing and color balance. Add only a restrained soft highlight bloom around the existing light-facing edge, keeping eyes and skin texture crisp. --ar 3:4 --v 8.2 --raw --s 75 --c 0",awaiting_parent_selection,MB-TEST-C01-BLOOM__v01__candidate.png
POST-PLAN-COURT,顾府拓扑确认图,POST,B,,S03;S04;S05;S06,GJ-EP01-SC03;GJ-EP01-SC04;GJ-EP01-SC05;GJ-EP01-SC06;GJ-EP02-SC01;GJ-EP02-SC02;GJ-EP02-SC04;GJ-EP02-SC05;GJ-EP03-SC01;GJ-EP03-SC02;GJ-EP03-SC03;GJ-EP03-SC04;GJ-EP03-SC05,,无人物二维平面图，标南正门、北厅、东书房、西卧房、西厢、侧道、后院、外库、同街短墙。 验收：通路、视线、门槛、小案与固定大案都对上；尺寸由选版后确定，不能用生成漂亮院图反改拓扑。,,planned,POST-PLAN-COURT__v01__working
POST-TEXT-DOCS,六类文书后期正字,POST,B,,P03;P04;P06;P07;P08;P17,GJ-EP02-SC02;GJ-EP02-SC04;GJ-EP02-SC05;GJ-EP03-SC01;GJ-EP03-SC02;GJ-EP03-SC03;GJ-EP03-SC04;GJ-EP03-SC05,MB-P03-BASE;MB-P04-BASE;MB-P06-BASE;MB-P07-BASE;MB-P08-BASE;MB-P17-BASE,军引姓名、旧票有限字样、E1a、E1b、收件纸、九人路凭的可编辑字层；具体见文书后制与非MJ任务。 验收：E1a不署接收人，E1b无梁朔，P08两纸与刀分别记；未定车行名等字段不制作可读特写。,,awaiting_parent_selection,POST-TEXT-DOCS__v01__working
POST-P09-BROKEN,碎杯同源派生,POST,B,,P09;S04,GJ-EP01-SC04;GJ-EP01-SC05;GJ-EP01-SC06,MB-P09-BASE,选中完整杯后制作同器形碎片和地面水痕的分层图；不用重新抽一个杯子。 验收：釉色、杯口曲率同源，碎片只留书房；破碎形态不证明实际碰撞安全。,,awaiting_parent_selection,POST-P09-BROKEN__v01__working
POST-P06-STATE,E1a空白到墨点皱角,POST,B,,P06,GJ-EP03-SC01;GJ-EP03-SC02;GJ-EP03-SC03;GJ-EP03-SC04;GJ-EP03-SC05,POST-TEXT-DOCS,同一正字底稿的平整、滴墨、皱角三态，编辑软件保留图层。 验收：墨点不变签名；皱角不遮正文；不靠每次重新生成变纸形。,,awaiting_parent_selection,POST-P06-STATE__v01__working
POST-P16-NINE,九片阵甲对应表,POST,B,,P16;C03;C16;C17;C18;C19;C20;C21;C22;C23,GJ-EP01-SC01;GJ-EP01-SC02;GJ-EP01-SC03;GJ-EP01-SC04;GJ-EP01-SC06;GJ-EP02-SC02;GJ-EP02-SC04;GJ-EP02-SC05;GJ-EP03-SC01;GJ-EP03-SC02;GJ-EP03-SC03;GJ-EP03-SC04;GJ-EP03-SC05,MB-P16-BASE,同族母形的九片磨耗变体、对应角色与隐蔽佩置位置表，单片独立文件。 验收：九片各归九人、无第十片；近景个体磨耗不混、非勋章不是现代电子板。,,awaiting_parent_selection,POST-P16-NINE__v01__working
POST-ENSEMBLE,九卒辨识排版,POST,B,,C03;C16;C17;C18;C19;C20;C21;C22;C23,GJ-EP01-SC01;GJ-EP01-SC02;GJ-EP01-SC03;GJ-EP01-SC04;GJ-EP01-SC06;GJ-EP02-SC02;GJ-EP02-SC04;GJ-EP02-SC05;GJ-EP03-SC01;GJ-EP03-SC02;GJ-EP03-SC03;GJ-EP03-SC04;GJ-EP03-SC05,MB-C03-FULL;MB-C16-FULL;MB-C17-FULL;MB-C18-FULL;MB-C19-FULL;MB-C20-FULL;MB-C21-FULL;MB-C22-FULL;MB-C23-FULL,选中九人后人工拼接角色编号与中性全身图；另排顾砚作对照，不塞进九人名单。 验收：精确人数、各自脸和身高比例检查；拼版只验证造型，不称已完成阵战镜头。,,awaiting_parent_selection,POST-ENSEMBLE__v01__working
POST-FX-COPPER,合息效果分层测试,POST,B,,P16;S01;S03,GJ-EP01-SC01;GJ-EP01-SC03;GJ-EP01-SC04;GJ-EP01-SC06;GJ-EP02-SC01;GJ-EP02-SC02;GJ-EP02-SC04;GJ-EP02-SC05;GJ-EP03-SC01;GJ-EP03-SC02;GJ-EP03-SC03;GJ-EP03-SC04;GJ-EP03-SC05,POST-P16-NINE;MB-ENV-S01,同一空场底的无光／短促暗纹／兵器接触雨线偏折三个独立层；叠合后看得见实体接触。 验收：不画全天罩、不裂地、不填地、不召魂；前三集只有归旌有限效果，没有世隙。,,awaiting_parent_selection,POST-FX-COPPER__v01__working
POST-INTEGRATION,人景同框绑定测试,POST,B,,C01;C02;C03;C04;C16;S04;S03,GJ-EP01-SC01;GJ-EP01-SC02;GJ-EP01-SC03;GJ-EP01-SC04;GJ-EP01-SC05;GJ-EP01-SC06;GJ-EP02-SC01;GJ-EP02-SC02;GJ-EP02-SC04;GJ-EP02-SC05;GJ-EP03-SC01;GJ-EP03-SC02;GJ-EP03-SC03;GJ-EP03-SC04;GJ-EP03-SC05,MB-C01-DRY;MB-C03-FULL;MB-C04-FULL;MB-C16-FULL;MB-ENV-S04;MB-ENV-S03-COURT,选脸、干衣和空间后做顾砚单人入书房、顾伯扶右臂、门内三人站位三张独立检查图。 验收：同脸、左伤、右侧扶持、头身比例、同光源及通路一致；不同时改脸衣服背景。,,awaiting_parent_selection,POST-INTEGRATION__v01__working
POST-AUDIO,配音与声场清单,POST,B,,C01;C02;C03;C04;C05;C08;C11;C12;C14;C15;C16;C20;C22;C23,GJ-EP01-SC01;GJ-EP01-SC02;GJ-EP01-SC03;GJ-EP01-SC04;GJ-EP01-SC05;GJ-EP01-SC06;GJ-EP02-SC01;GJ-EP02-SC02;GJ-EP02-SC03;GJ-EP02-SC04;GJ-EP02-SC05;GJ-EP03-SC01;GJ-EP03-SC02;GJ-EP03-SC03;GJ-EP03-SC04;GJ-EP03-SC05,,按实际台词的声位表、现代记忆一句、雨/轮/杯/灯/门/街/水/纸与克制音乐的分轨计划。 验收：C01/C02生理声线同源、反应节律有别；杨舟仅记忆声音，无跨世通信；此项不在MJ制作。,,planned,POST-AUDIO__v01__working
POST-ACTION,动作与空间安全审阅,POST,B,,S01;S03;S04;P01;P11,GJ-EP01-SC01;GJ-EP01-SC03;GJ-EP01-SC04;GJ-EP01-SC05;GJ-EP01-SC06;GJ-EP02-SC01;GJ-EP02-SC02;GJ-EP02-SC04;GJ-EP02-SC05;GJ-EP03-SC01;GJ-EP03-SC02;GJ-EP03-SC03;GJ-EP03-SC04;GJ-EP03-SC05,POST-PLAN-COURT,桥战、门边止暴、试窗三段分别作低风险预演或数字预演，之后再锁镜头与时长。 验收：九卒胜果与退路清楚；无现实刃器危险操作、车辆/湿地/高差由专业人员评估；不是文字已批准安全。,,awaiting_parent_selection,POST-ACTION__v01__working
POST-BACKGROUND,街景群演与常用摆设,POST,B,,S02;S03-W;S06;S03,GJ-EP01-SC02;GJ-EP01-SC03;GJ-EP01-SC04;GJ-EP01-SC06;GJ-EP02-SC01;GJ-EP02-SC02;GJ-EP02-SC03;GJ-EP02-SC04;GJ-EP02-SC05;GJ-EP03-SC01;GJ-EP03-SC02;GJ-EP03-SC03;GJ-EP03-SC04;GJ-EP03-SC05,POST-PLAN-COURT,匿名成人群演外观族、汤摊锅碗、铺盖、木盆、粮袋等摆设清单；按景别选普通图库授权素材或原创后制。 验收：不将路人变情报角色；九人铺盖分件摆放，数量由人工核；近景新增面孔才另排任务。,,awaiting_parent_selection,POST-BACKGROUND__v01__working
