任务ID,候选文件路径,实际MJ任务ID,执行日期,模型与实际参数,完整提示词,实际Seed,输入引用与用途,引用权利检查,选择结果,选择人,不通过原因,父母版版本,输出尺寸
MB-C01-FACE,,,,,,,,,,,,,
MB-C01-FULL,,,,,,,,,,,,,
MB-C01-PROFILE,,,,,,,,,,,,,
MB-C01-THREEQUARTER,,,,,,,,,,,,,
MB-C03-FACE,,,,,,,,,,,,,
MB-C03-FULL,,,,,,,,,,,,,
MB-C03-PROFILE,,,,,,,,,,,,,
MB-C03-THREEQUARTER,,,,,,,,,,,,,
MB-C04-FACE,,,,,,,,,,,,,
MB-C04-FULL,,,,,,,,,,,,,
MB-C04-PROFILE,,,,,,,,,,,,,
MB-C04-THREEQUARTER,,,,,,,,,,,,,
MB-C16-FACE,,,,,,,,,,,,,
MB-C16-FULL,,,,,,,,,,,,,
MB-C16-PROFILE,,,,,,,,,,,,,
MB-C16-THREEQUARTER,,,,,,,,,,,,,
MB-C06-FACE,,,,,,,,,,,,,
MB-C06-FULL,,,,,,,,,,,,,
MB-C06-PROFILE,,,,,,,,,,,,,
MB-C06-THREEQUARTER,,,,,,,,,,,,,
MB-C07-FACE,,,,,,,,,,,,,
MB-C07-FULL,,,,,,,,,,,,,
MB-C08-FACE,,,,,,,,,,,,,
MB-C08-FULL,,,,,,,,,,,,,
MB-C09-FACE,,,,,,,,,,,,,
MB-C09-FULL,,,,,,,,,,,,,
MB-C10-FACE,,,,,,,,,,,,,
MB-C10-FULL,,,,,,,,,,,,,
MB-C11-FACE,,,,,,,,,,,,,
MB-C11-FULL,,,,,,,,,,,,,
MB-C12-FACE,,,,,,,,,,,,,
MB-C12-FULL,,,,,,,,,,,,,
MB-C12-PROFILE,,,,,,,,,,,,,
MB-C12-THREEQUARTER,,,,,,,,,,,,,
MB-C13-FACE,,,,,,,,,,,,,
MB-C13-FULL,,,,,,,,,,,,,
MB-C14-FACE,,,,,,,,,,,,,
MB-C14-FULL,,,,,,,,,,,,,
MB-C14-PROFILE,,,,,,,,,,,,,
MB-C14-THREEQUARTER,,,,,,,,,,,,,
MB-C15-FACE,,,,,,,,,,,,,
MB-C15-FULL,,,,,,,,,,,,,
MB-C17-FACE,,,,,,,,,,,,,
MB-C17-FULL,,,,,,,,,,,,,
MB-C18-FACE,,,,,,,,,,,,,
MB-C18-FULL,,,,,,,,,,,,,
MB-C19-FACE,,,,,,,,,,,,,
MB-C19-FULL,,,,,,,,,,,,,
MB-C20-FACE,,,,,,,,,,,,,
MB-C20-FULL,,,,,,,,,,,,,
MB-C21-FACE,,,,,,,,,,,,,
MB-C21-FULL,,,,,,,,,,,,,
MB-C22-FACE,,,,,,,,,,,,,
MB-C22-FULL,,,,,,,,,,,,,
MB-C23-FACE,,,,,,,,,,,,,
MB-C23-FULL,,,,,,,,,,,,,
MB-C57-FACE,,,,,,,,,,,,,
MB-C57-FULL,,,,,,,,,,,,,
MB-C58-FACE,,,,,,,,,,,,,
MB-C58-FULL,,,,,,,,,,,,,
MB-C59-FACE,,,,,,,,,,,,,
MB-C59-FULL,,,,,,,,,,,,,
MB-ENV-S01,,,,,,,,,,,,,
MB-ENV-S02,,,,,,,,,,,,,
MB-ENV-S03-COURT,,,,,,,,,,,,,
MB-ENV-S03-HALL,,,,,,,,,,,,,
MB-ENV-S03-W,,,,,,,,,,,,,
MB-ENV-S04,,,,,,,,,,,,,
MB-ENV-S05,,,,,,,,,,,,,
MB-ENV-S06-WELL,,,,,,,,,,,,,
MB-ENV-S06-K,,,,,,,,,,,,,
MB-ENV-S07,,,,,,,,,,,,,
MB-P01-BASE,,,,,,,,,,,,,
MB-P02-BASE,,,,,,,,,,,,,
MB-P03-BASE,,,,,,,,,,,,,
MB-P04-BASE,,,,,,,,,,,,,
MB-P06-BASE,,,,,,,,,,,,,
MB-P07-BASE,,,,,,,,,,,,,
MB-P08-BASE,,,,,,,,,,,,,
MB-P09-BASE,,,,,,,,,,,,,
MB-P10-BASE,,,,,,,,,,,,,
MB-P11-BASE,,,,,,,,,,,,,
MB-P12-BASE,,,,,,,,,,,,,
MB-P14-BASE,,,,,,,,,,,,,
MB-P15-BASE,,,,,,,,,,,,,
MB-P16-BASE,,,,,,,,,,,,,
MB-P17-BASE,,,,,,,,,,,,,
MB-P18-BASE,,,,,,,,,,,,,
MB-P19-BASE,,,,,,,,,,,,,
MB-P20-BASE,,,,,,,,,,,,,
MB-C01-RAIN-PRE,,,,,,,,,,,,,
MB-C01-RAIN-POST,,,,,,,,,,,,,
MB-C01-DRY,,,,,,,,,,,,,
MB-C06-RAIN-PRE,,,,,,,,,,,,,
MB-C06-RAIN-POST,,,,,,,,,,,,,
MB-C07-RAIN,,,,,,,,,,,,,
MB-C02-FEAR,,,,,,,,,,,,,
MB-C02-FOCUS,,,,,,,,,,,,,
MB-C57-RAIN,,,,,,,,,,,,,
MB-C58-RAIN,,,,,,,,,,,,,
MB-C59-RAIN,,,,,,,,,,,,,
MB-C03-ARMOR,,,,,,,,,,,,,
MB-C03-RAIN,,,,,,,,,,,,,
MB-C16-ARMOR,,,,,,,,,,,,,
MB-C16-RAIN,,,,,,,,,,,,,
MB-C17-ARMOR,,,,,,,,,,,,,
MB-C17-RAIN,,,,,,,,,,,,,
MB-C18-ARMOR,,,,,,,,,,,,,
MB-C18-RAIN,,,,,,,,,,,,,
MB-C19-ARMOR,,,,,,,,,,,,,
MB-C19-RAIN,,,,,,,,,,,,,
MB-C20-ARMOR,,,,,,,,,,,,,
MB-C20-RAIN,,,,,,,,,,,,,
MB-C21-ARMOR,,,,,,,,,,,,,
MB-C21-RAIN,,,,,,,,,,,,,
MB-C22-ARMOR,,,,,,,,,,,,,
MB-C22-RAIN,,,,,,,,,,,,,
MB-C23-ARMOR,,,,,,,,,,,,,
MB-C23-RAIN,,,,,,,,,,,,,
MB-BAG-C23,,,,,,,,,,,,,
MB-P10-BOWL,,,,,,,,,,,,,
MB-P10-WATER,,,,,,,,,,,,,
MB-P18-POUCH,,,,,,,,,,,,,
MB-S04-MIRROR,,,,,,,,,,,,,
MB-S04-LATCH,,,,,,,,,,,,,
MB-S04-LAMP,,,,,,,,,,,,,
MB-S03-TABLE,,,,,,,,,,,,,
MB-S03-LARGE,,,,,,,,,,,,,
MB-P01-HORSE,,,,,,,,,,,,,
MB-WEAPON-BLADE,,,,,,,,,,,,,
MB-WEAPON-SPEAR,,,,,,,,,,,,,
MB-WEAPON-BOW,,,,,,,,,,,,,
MB-KITCHEN-SALT,,,,,,,,,,,,,
MB-C11-KIT,,,,,,,,,,,,,
MB-C60-SILHOUETTE,,,,,,,,,,,,,
MB-WEAPON-ASSASSIN,,,,,,,,,,,,,
MB-WEAPON-LONG-BLADE,,,,,,,,,,,,,
MB-WEAPON-SHORT-SPEAR,,,,,,,,,,,,,
MB-WEAPON-SHIELD,,,,,,,,,,,,,
MB-C16-MOUNTED,,,,,,,,,,,,,
MB-C17-MOUNTED,,,,,,,,,,,,,
MB-C18-MOUNTED,,,,,,,,,,,,,
MB-C19-MOUNTED,,,,,,,,,,,,,
MB-C20-MOUNTED,,,,,,,,,,,,,
MB-C21-MOUNTED,,,,,,,,,,,,,
MB-C22-MOUNTED,,,,,,,,,,,,,
MB-C23-MOUNTED,,,,,,,,,,,,,
MB-LIGHT-S02,,,,,,,,,,,,,
MB-LIGHT-S03-COURT,,,,,,,,,,,,,
MB-LIGHT-S03-HALL,,,,,,,,,,,,,
MB-LIGHT-S03-W,,,,,,,,,,,,,
MB-LIGHT-S05,,,,,,,,,,,,,
MB-TEST-C01-BLOOM,,,,,,,,,,,,,
