编号,名称,篇章,粒度,状态,文档路径,摘要
GJ-EP01,归京,归京,episode,详细剧本,剧集/01-归京/GJ-EP01-归京.md,韩青驾车、原顾乘车，按行进方向，杜长庚左前、石照川右前、崔望野左后、许照邻右后，各骑一匹分护车厢四角；韩青在前驾座，行李集中于车厢后部行李架，行至春泽桥前竹木密林道；另有四匹拉车马。第一波十名遮面刺客先压迫耗力、有序退入林隙，第二波五名刺客再接手：黄祁照微巅峰、逼近守一，专取原顾；罗顺与三名行息同伙持续牵制五卒。第一波牵动原顾左肩旧伤，第二波黄祁再添擦伤，五卒接住数轮却勉力难支；林侧神秘人出手使黄的最后一击偏开，黄忌惮下令，五人惊退。五卒借此护人返府，巡灯后到仅查现场。韩托报案与报伤信，原顾换衣吃粥仍隐瞒，独入书房；杯落，今顾醒来，试窗失败后主动开门求助。存信过程留第24集补全
GJ-EP02,先过今夜,归京,episode,详细剧本,剧集/01-归京/GJ-EP02-先过今夜.md,今顾接受照料、试站确认伤势，从问答得知当前年号，认出军引上的顾砚，听明白雨损须补核、旧票不能丢，尚不知道旧票为何重要。韩放行囊先询问，分开军引、私票、零钱；说明已托人向师门报信、自己仍在府内，并给今顾白日另择住处的选择；顾伯收回被避开的手、留温水在够得到处；另一短场看见老卒外院西厢整理正式床具和行囊、分担食宿与收整核准保留的旧阵甲，不冒充现役差兵
GJ-EP03,门外的人,归京,episode,详细剧本,剧集/01-归京/GJ-EP03-门外的人.md,王寿冒称为昨夜桥案索取全部北路旧票；今顾发现查昨夜遇袭与取走整套旧票的目标不合，领条又无收件人，猜对方真正要的是票。王以一并核旧事、等车误时作答，今顾宁可改日自己跑，也不凭猜测定罪，主动请附近真差核对，并要求落名、写明领回处试其反应；杜请许到相邻街口请人。王寿被当班巡防否认后，抢回领条欲毁证并持刃逼杜松手，即被杜、韩、石默契控制。马六见真差抵门沿西巷撤走，崔报告看清的脸与去向；四人未被诱离。巡防分别登记E1a领条、E1b王寿租单
GJ-EP04,旧衣,归京,episode,分集大纲,剧集/01-归京/README.md,承接前一日追问，韩先说明旧票是北路领支、验货凭单，原顾坚持留下；更深用途他并不清楚。程叙听闻冒役来探望，带衣食、帮办军引核验；今顾以记忆不全解释旧事，接受原本给原顾的亲近。傍晚温九山接报赶到，先查看伤情、确认已稳，让他休息；旧招和运息的系统检查留待第6集，不展开师门履历
GJ-EP05,听不懂也要听,归京,episode,分集大纲,剧集/01-归京/README.md,程叙带今顾勾栏听曲，两人对结尾争执，仍把整折听完。今顾不再只附和程记得的口味，认真说自己喜欢的结尾，程嘴上争、仍陪他听完。回程两人约好整理书架、调窗帘，买用物给顾伯，许娘在街边卖灯穗
GJ-EP06,路不是这样走的,归京,episode,分集大纲,剧集/01-归京/README.md,温正式检查，发现顾砚连多年旧步法也不熟，先按伤后失调处理，教他重新找支点、收势；不施识魂术。今顾确认自己无法靠旧经历解释票据，主动与韩、杜复核桥前林中地形和五阵承压、林侧介入惊退刺客的经过，另循王寿租单查车行，分清两队行动；车行的调借来源把下一步指向沈氏货栈
GJ-EP07,谁的工钱,归京,episode,分集大纲,剧集/01-归京/README.md,车行曾从沈氏货栈调借王寿租用的车辆。20岁的沈蘅先处理陶七欠薪，再比对借还手续；她主持获授权的长京货栈经营，要求今顾出示相关凭单，不接受只凭顾家名头查账
GJ-EP08,不能只凭一张纸,归京,episode,分集大纲,剧集/01-归京/README.md,车行、货栈和付款经手互证，追到安排冒役的承办人；巡防另循桥前林中走访、第二波五名刺客的住宿登记、撤离见证与承单付款调查行刺。五卒分别作所见范围的证词，不用五人重复同一句话充作五份独立来源。第一波十人的形貌、撤向与可能经手另记，不把第二波五人的住宿证据外推给全部十五人。两条行动链出现共同经费经办线索，仍须分别查清
GJ-EP09,年饭,归京,episode,分集大纲,剧集/01-归京/README.md,冒役者被扣，调查等待核办。五卒各凑饭钱，和顾伯忙铺盖、锅灶与年菜；杜仍想等齐开饭，石先给腾出手的人盛热饭，自己却吃到凉的。杜不再催人坐齐，接过石的碗去热，嘴上仍数碗，漏数的恰是端锅的人。饭桌谈亲人、手艺和退伍后的合伙生计，没有新敌人打断。初二，旧案文书使外库加严封存，长京支枢开始本轮补稳，南水关随之失稳
GJ-EP10,肯作保的人,归京,episode,分集大纲,剧集/01-归京/README.md,谢鹤年公开担保，争取限定核验与居家候问，承担被追责的名誉风险；条件是材料如实交代。今顾接受，没有把自己的全部推断交给他决定
GJ-EP11,留不住的字,归京,episode,分集大纲,剧集/01-归京/README.md,清点外库时，旧构回潮，南水关旧泊位相关水程页出现墨迹扩散、粘连与页边水痕。今顾先查实物受损、人为换页与形成时间，将还能读的部分据实留录；内侧仍无拆检许可，顾伯只知道可见外库结构
GJ-EP12,城外那一单,归京,episode,分集大纲,剧集/01-归京/README.md,巡防先控制承单人与罗顺等经手节点；黄祁在离城交接处由守一协缉者参与拘捕，不是普通差役正面击败。现场、五人住宿、付款与撤令经过分别互证，五名执行者逐人核对，不能以一人口供覆盖全队。桥前林中执行链闭合；与冒役链共有的上游经办指向梁所属机构，仍缺本人授权
GJ-EP13,有人在家,归京,episode,分集大纲,剧集/01-归京/README.md,许娘被“户绝”报告要求交宅，她自己找工匠与写状人，并请同街办事的程叙协助。程认出买方担保与父亲有关，想先私下退宅，暂未说全
GJ-EP14,灯架下,归京,episode,分集大纲,剧集/01-归京/README.md,22岁的宁清晏年度巡查入京，先在灯架事故中稳住结构；今顾配合匠人安排撤离。事后她认出宅产核验上自己的签署：此前根据地方“已实勘”呈报同意移交
GJ-EP15,还没看过，就写好了,归京,episode,分集大纲,剧集/01-归京/README.md,许娘指出屋内改建细节，沈协助核交割；独立工班出勤证明首次实勘晚于终验签结，与“亲见无人居住”的报告矛盾。宁暂缓执行并要求复核
GJ-EP16,那个签押,归京,episode,分集大纲,剧集/01-归京/README.md,程家短场中，程守成愿退钱，却让儿子换一句“担保时不知情”；程叙拒绝，随后交出文件、承认隐瞒。今顾不删呈文中的程家责任，许娘继续申诉
GJ-EP17,把门打开,归京,episode,分集大纲,剧集/01-归京/README.md,当场查验揭出人为删减的在住情况，取得暂停交割、恢复居住的临时决定。宁撤回依据不全的意见，许娘自己拿钥匙开门
GJ-EP18,一夜灯火,归京,episode,分集大纲,剧集/01-归京/README.md,许娘摆摊，陶七带女儿看灯；宁接受短暂同行，留下听完喜欢的一曲。程与今顾仍拘谨，却给彼此留座
GJ-EP19,有人要付账,归京,episode,分集大纲,剧集/01-归京/README.md,沈氏货物暂扣，章秋屏划明工钱与可用担保，保留自己的管事立场。一次收栈，今顾留下帮沈整理受潮货样；她替他掸去领边纸屑，两人忽然站得太近，手都迟了半拍才收回。他主动约她次日晚间去喝热汤，她先说还得忙，最后仍问了时辰；两人到时真赴了约，吃完才各自回家。另场叶扶疏听师父说伤势趋稳，进京送换季衣与材料，发现大师兄接物、练步都与从前不同。众人仍申请核验关印、验货和补卷经手
GJ-EP20,他还站在这里,归京,episode,分集大纲,剧集/01-归京/README.md,陶七来领余款，工头以当期工簿没有他推责，同工混淆其工次与借住日期；女儿仍认得父亲，却被连问几夜、领几回钱吓住，怕答错而沉默。今顾说明自己亲见的讨薪和上元同行，请经手分开核工牌、支付与实际住处；另一侧旧泊位回潮、临时住处受损，使人更难安置
GJ-EP21,先离开这里,归京,episode,分集大纲,剧集/01-归京/README.md,宁与巡查人员按实测确认临水地形异常，将陶七父女转到当时复核仍安全的安置点；住处、食宿与联络落实，身份和欠薪继续核验，旧泊位风险尚未解除
GJ-EP22,记得，不能代替证据,归京,episode,分集大纲,剧集/01-归京/README.md,陆怀真正式接续争议与异常调查，准许限定重检旧库，并调旧契相关登记。勘验吏高成礼记录原位与经手；今顾和宁再次观察外库旧页变化，尚未发现内室
GJ-EP23,墙后少的一尺,归京,episode,分集大纲,剧集/01-归京/README.md,今顾绕库门内外对照，发现同一侧外墙到转角尚有一段，室内却已收墙，猜有另层空间。高指出两次尺寸基点不同，重新复尺后仍有余量，工匠排除普通墙厚等解释，按许可拆检，找到内室与近期使用痕迹。工匠先取出尚未展读的折信，记录纸本原位、粘连与回潮，旧图与普通货程另行勘验；陈渡退开让工匠处理，不因猜中便抢撕湿页。个人家书获准由本人另处私读，不在现场向同伴宣读
GJ-EP24,留给后来的人,归京,episode,分集大纲,剧集/01-归京/README.md,陈渡独处读完整封关键遗信，将韩青、顾伯此前各自说过的返府与独处经过，同遗留旧图和使用痕迹在心中对照；观众由此看清原顾主动断籍。信不预知桥前林中袭击，也没有谢的姓名。他对外仅提出能独立核验的地点、货程与接触人，关键原文自行保管，不伪造、删改已交官署的刑案原物
GJ-EP25,这件旧约我不记得,归京,episode,分集大纲,剧集/01-归京/README.md,程说起一项从前的承诺，今顾不再顺口应下，只承认确实记不起，不能让程以为自己能照旧承担。他说明继续查票可能带来的报复、陶七必须再迁以及自己尚未核明的部分，请程只答应做得来的找车一段。程对变化仍难过，也只往伤病上疑问，最终按自己已向陶七作出的约定找车
GJ-EP26,先把风险说清,归京,episode,分集大纲,剧集/01-归京/README.md,今顾分别向沈、宁、顾伯、温与叶交代已核的追索行为、撤离可能占用的人力和钱物、自己记忆与动作的限制；仍不透露穿越及遗信关键正文。沈只同意有范围的费用与货栈协助，不把私约并成差事；宁问清伤势和接应条件。五卒全员听清当前救援风险，各自说明能帮到何处，不被一声旧称替他们答应。写给贺、宋的是伤情、重学请求和普通近况，月底收到
GJ-EP27,谁批的尾款,归京,episode,分集大纲,剧集/01-归京/README.md,官署核验承单尾款、经办提款与梁补账批令。租车经手被追问得像已亲见梁时，陈渡主动指出对方只说见过付款人，高按原话留存，再用独立批令与经手证明授权。高逐项签收E1a、E1b及付款材料，另列可交接的勘验说明
GJ-EP28,北行的路引,归京,episode,分集大纲,剧集/01-归京/README.md,今顾已有本人离京手续，却决定先完成陶七撤离。五卒也各有退籍路凭，但尚未许诺无限期随行；他们先履行此前答应的救援。沈要求人证、档案分开安置，普通北路测记可重做；原顾未领军俸凭据仍待核验，不能当现银
GJ-EP29,这条路我走不了,归京,episode,分集大纲,剧集/01-归京/README.md,原安置边界扩大，必须再迁。今顾看见一条能少绕路的低阶步道，先在尚有支撑、能够回撤的一端试一步，发现仍须用手攀撑。陶七直说自己走不了，韩青指出孩子与伤者更不能照搬；今顾立即撤回捷径，改走能接续车辆的路
GJ-EP30,先让谁上船,归京,episode,分集大纲,剧集/01-归京/README.md,运力不足，程调车辆、沈落实费用，宁接伤员与绳具；五卒同在当前转运段，按既有小阵配合阻止梁方强占通路，迅速守住候船人群，再将具体侵害报巡防。他们能排除眼前武力阻路，不能凭空增加船位。温守另一条仍有撤离者的临水通路，叶负责该路岸上接应
GJ-EP31,桥还没有断,归京,episode,分集大纲,剧集/01-归京/README.md,通路局部脱落，五卒护住现场人群和仍有支撑的转接处，却不能结阵填回缺口；今顾按复核路线协助绕行，宁守自身、承担尚存桥墩的物理支撑。杜统合接应，韩等接过最后一段，五人不被几个小贼击散；温、叶继续护完另一组。为保人丢掉测记和副件，刑案原物早在官署
GJ-EP32,把人接住,归京,episode,分集大纲,剧集/01-归京/README.md,陶七等抵达多方持续联系的稳定接收处，落实食宿、联络与新工安排，眼前的世隙风险停止扩大；惊惧、失去的工期和旧住处不能立刻补回
GJ-EP33,该怎么判,归京,episode,分集大纲,剧集/01-归京/README.md,执行付款链支持梁买凶与侵吞责任；启印、旧验货、原始卷目与补卷经手互证，坐实梁在承祐三年补入货契、虚报元年已验已呈。元年初案的急报、口供与秘密处置另需北路材料
GJ-EP34,还给谁,归京,episode,分集大纲,剧集/01-归京/README.md,程守成亲自办理查明的退款赔付，不再让程叙以私下求情代替责任；许娘产权争议按查明部分处理。顾家因后补伪证衍生的家属附罪复核，可追欠款与抚恤逐项办理
GJ-EP35,这一页我署名,归京,episode,分集大纲,剧集/01-归京/README.md,宁提交自己的复核和错误说明，争取继续巡查；顾伯修整漏屋、收干暂不用的旧物，按今顾说出的食量留饭。谢支持合理复核，接受他人查自己经手的部分手续
GJ-EP36,门留着,归京,episode,分集大纲,剧集/01-归京/README.md,陶七开始新工，今顾给顾府留下愿履行的约定，宁安排巡查。陈渡将梁案已结部分与尚缺的材料分开，下一步先找原顾接触过的北路见证，不把查清梁当作查完断籍缘由。五卒收拾亡友遗物，说起北边还有谁等着他们，伍拿罗当年被背得嫌颠的旧事打趣；开铺、做石工和回家的念头也在饭里说出来。宋迟进京布置小院，已收到伤情与课业近况，先收好暂不合伤后训练的重练器，带来低负荷用具
ZY-U01,曲还没有唱完,照夜,unit,剧情单元大纲,剧集/02-照夜/README.md,今顾与程修好顾府窗缝，再去勾栏；邻座19岁的殷照夜正跟着曲子轻敲桌沿，笑着请他们等曲终再争。她明艳、动作轻快，听完自己去挑喜欢的衣料，没有留下谜语，也没忙着展示教中权势。程发现今顾爱把甜糕留到最后，分来自己盘里的一块，不再拿原顾口味纠正。外院短场中，杜与同袍商量合伙生计，算清各家要留的钱，其他老卒按自己的约去见亲人或试活，不五人围坐旁听男主感情。另一个程家晚饭场，程守成替女儿缝球，又想让她停课省钱；程映禾愿分担说清的家用，却拒绝耽误已付费的学生。她试球时险些让弟弟洒了汤，父亲也笑起来。生活各自完整，殷首次听曲不夹师门出场，姐姐的课程也不是给男主安排的差事。
ZY-U02,她来找的不是你,照夜,unit,剧情单元大纲,剧集/02-照夜/README.md,"殷从正常来往中得知顾砚正在找北路见证，主动提出交换：她可以引见周顺，今顾须帮查一批庇护者被转出的去向。她先讲清范围，不冒充早知穿越。韩与杜以退伍者身份询问手续，确认顾砚军引、五卒各自退籍路凭都只解决相应本人的通行，不能代替周顺的安置与跨关许可；他们没有现役军职可命人放行。今顾原可先走，却选择处理线索、如实支付查访开支。沈只支付限定费用；殷见到五卒的护送实力，也必须凭本人意愿引见证人，不能把不肯同行的人写成可由军阵抢走的东西。

另一个闭栈的晚上，沈主动问陈渡还愿不愿再去那家汤摊。他早把查访留到白日，空着手来等她；她换下做事的外衣，两人绕路去看夜市里的小玩意。陈渡挑中一件不大好看的小物件，心里想起现代店中一次进错货；这段只给观众。他口中谈眼前接缝可能磨手，拿起试过才发现看错位置，认了错，再问沈最近哪件小事拿不准。她讲一次选错颜色，也承认有时怕别人看出不会；他不编造古代开店履历来解释自己的眼光。回程他伸手，她握住，走过一段人少的路才放开。他们重新认识的是眼前的人，亲近开始超出合作；这顿饭不因公事被打断。"
ZY-U03,被救下来以后,照夜,unit,剧情单元大纲,剧集/02-照夜/README.md,周顺住在无相教院落，药食真实；他的路引被闻策一支以“待核安全”为名扣在旧册中。殷先承认自己只知本院流程、不知完整经手，陪周顺核清去向和工钱；周顺只愿先见女儿、结清工钱，不肯跟顾砚北上，提供有限货程，坦言不知谢及定衡全貌。流传旧案只保留少数异来个案的成功片段，今顾认出相似筛选，仍不能据此断定跨世规律或幕后。另一场，温取出原有门籍与课记，沿顾砚八岁入门的记录安排伤后重新考课。今顾承认不记得部分旧招，请求从当前能做的动作学起；不删旧籍、不重拜师，也不写来客身份附记。温只能观察身息、伤病与练习结果，不能凭境界判定灵魂来源。
ZY-U04,谁能看见这份名册,照夜,unit,剧情单元大纲,剧集/02-照夜/README.md,三月初，温依伤后考课继续传授，今顾接受门规与具体课业，记不起的旧约先问明再答应。叶拿旧竹竿纠他的步，记起从前被敲鞋跟的事；今顾认真听，不假装也想了起来。宋只知伤后须重学，各人仍可按真实能力和新约调整相处，沿称大师兄不抹旧籍。另一场，宁、殷核对安置：邵松年带领药要求，姚春娘说明曾送周顺药食。具名和匿名办法各被当事人拒绝后，资料用途分开说明；姚不交整船名单，邵不将临时安排写成全已核清。殷据周顺的意愿先要求返还其本人路引，闻策一支仍以旧册未清为由扣留。可公开证言的范围有了进展，人却仍不能照自己的安排走；殷转而追查扣留依据和实际经手，不把解释过用途算作已解决去路。
ZY-U05,为自己留半日,照夜,unit,剧情单元大纲,剧集/02-照夜/README.md,叶在小院试剑，今顾虽沿用师兄称呼，仍须让她纠正收锋；她不再逼伤后师兄按从前的习惯回应，也不会替他补造记忆。她想凭自己赢问剑会，与小满约了戏衣染样、报酬和交期。另留完整半日给宁与今顾看春社：宁此前已听他亲口说起与沈的亲近，想过自己的心意，仍主动相约。听完乡戏以后她还舍不得回去，直说想与他再走一会儿。他答自己也一直盼这一天，先伸出手；宁看了片刻，将手放进他掌心。她不把欢喜视作需要否认的证据，仍按计划外派，不为多留几日把工作推给邵。师妹拥有自己的目标，既不围观约会，也不因师兄喜欢别人而失去生活。
ZY-U06,守住自己之外,照夜,unit,剧情单元大纲,剧集/02-照夜/README.md,"西路巡查中，一名同门在旧法安抚后仍反复失神；宁按熟悉的法门复测，短时有效却无法解释反复。扰动增强时，她没有把未验证的办法继续压到受试者身上，岳素真及时接手，邵松年护送受试者退出；器具损坏，宁如实记下失败。她由此开始重访现场、询问同行者，也不替这名同门决定以后是否继续原路修行。邵接下轮值后希望继续独立负责，拒绝只做随时要归还职责的临时代班。长京一侧，宋迟正式展开：他想多卖几件机巧玩具，与今顾各以为对方懂某处结构，做坏一个小样，最后共同付材料钱。宋会修小器，也须承认不会；他要求师兄先配合重测，练功、留饭与争执接续日常。

同月长京的查访继续：闻策一支不答单独返还路引，反而把周顺的去向与一批庇护者合列为待转事项。殷先让各人分别核对自己的去向，陈渡只承诺核查周顺愿公开的货程；两人不替整批人作答。此时只是合并安排已出现，是否会强制执行尚待确认，不能当作已经救出或已经查明全部拘人责任。宁仍在西路，她的巡查结果未送到前不参与长京判断。"
ZY-U07,没有差事的一天,照夜,unit,剧情单元大纲,剧集/02-照夜/README.md,殷和今顾把一天留给游玩。她换上自己新挑的衣衫，走出几步又回头问他好不好看；他认真看了才答，她笑着拉他去凑热闹。她想上高处，他判断路滑后改走平路，没有把逞强当作取悦她的方法。途中急雨使他想起现代车辆遇滑坡的末刻：撤下岩壁以后，死亡仍可能发生。车辆、死亡和现代来处只向观众以内部回想呈现；他只向殷说雨声一急便怕路突然失去支撑，眼下还走不动，想坐一会儿。缓下来以后，他另将自己与宁、沈正在发生的亲近如实说清，不让她误会已有独占承诺。殷一时收了笑，问完实际感情与见面安排，才说自己在意他，往后这些关系里的话要由他亲口讲；她不知道穿越，也不被安排猜中。她陪他坐到雨停；他缓过来后主动握住她的手，问她余下的地方还去不去。殷点头，两人继续走完这一天，安慰没有交换条件，心动也不只由她一个人表示。
ZY-U08,她替别人收拾好了行李,照夜,unit,剧情单元大纲,剧集/02-照夜/README.md,闻策主张按旧债约强制转移庇护院。殷只能撤回自己经手、且愿继续接应的一班人手，要求周小满及其他人各自说明是否愿走；闻策的北路旧支仍能自行调人。她为抢时间，只先替小满保留临时床位和路钱，没听完她对染样、未结料款和学艺的打算。姚春娘发现闻策所派的一船人并非自愿，拒接这一趟，不因私人交情默许扣人。小满留下完成自己选择的染样，仍失去一部分交期与料款；父亲这才知道她原想留下学艺。叶自己来追约，听清后先付已经完成部分的钱，再与小满分清能追回和确已失去的东西，没有找师兄替她争。今顾拒写“全员自愿”；殷也把未核清的名单标明，答应下一次先让当事人说完，不能被两位朋友的好心和解代替。
ZY-U09,你替我选的那条路,照夜,unit,剧情单元大纲,剧集/02-照夜/README.md,殷拿到周顺路引的旧册副页，证实扣留并非临时核验，而被写成持续限制出院的条件；她同周顺逐项对过工钱、见女儿和不北行的选择，请他自签可公开的有限证言。陈渡不肯替她用一纸好意抹平旧网，二人分别保全原簿与副页，并将有限证言、账页交地方刑审与陆的并案核验；殷承认自己早先催问太快、先信了本支说法，撤回任何“必须随行”的建议。回小院，贺令仪只读过伤情与课业近况，见旧习惯变化会担心伤病，再按今顾实测能力重教“回身”，不鉴魂、不先确认原顾已死。四月下旬岳循驿程返京，与温在春讲平辈见礼、争论教法；贺接一位成年听课者的长木枪，以木器演示借壁、回身，收势即停。温拒替按身份排斥未涉案听者的做法撑名，退预付讲资、自院续讲。贺要巡教开剑塾，温想留她接山门；她拒再等一年，两人重排课资与人手。
ZY-U10,门要从里面能开,照夜,unit,剧情单元大纲,剧集/02-照夜/README.md,殷与愿受核验的庇护者逐张复核支系路引、个人资料和退出凭据，公开哪些旧债约本无效、哪些实际费用可另行合法清偿；她不能以圣女身份一纸废掉所有人的权利，但在经手范围内停止以债约换去留。接到地方刑审与陆的并案核验通知后，闻策带部分人手北返、转入北路旧支，逃避拘人和毁证调查；殷提供自己的联络与流程说明，接受对错信、迟报和程序疏漏的外部核查，宁也留下反对强制统一登记的复核意见。费用上升、地点减少之后，殷仍须找钱。端午前她去姚春娘船上吃饭，姚要换船底、回家住几天，暂停接差事，却愿保留私交。殷嫌鱼太咸，仍吃完并答应洗碗。两人聊菜价和闲事，船边没有埋新证据，也没有刺客打断。
ZY-U11,愿意回来的人,照夜,unit,剧情单元大纲,剧集/02-照夜/README.md,端午，宋迟向章秋屏借一条小练习舟，想试竞渡却输了；他照约清洗、按时归还，章肯看他的手艺，也明确不准擅改商船。师门吃饭时给迟回的师弟留一份，不让他靠输赢取得位置。五卒备好要带给遗属的东西，段分粽子时提起那锅人人分回一点的雪夜热汤，孟嫌他又讲一次，仍给他留下最大的一只；有人还没习惯顾砚伤后的新口味，却愿按说清的风险与期限再走北路。小满拿回可追工钱，自选南方有薪差事，与父亲留下有限证言，顾砚支付误工。傍晚，殷留陈渡多坐一会儿，先说想亲近他，伸手轻拽住他的衣领又停下看他；他握住她的手，主动靠近，两人在彼此的回应里亲吻。他们真心相爱，关于其他亲近与以后的疑问仍愿意继续说。老卒与同门不围观，殷的职位和赔偿也不因爱情复原。
ZY-U12,谁走，谁留下,照夜,unit,剧情单元大纲,剧集/02-照夜/README.md,温按年前夏秋授业约于五月初十前后先行北上，六月起履约；陈渡与五卒于五月中旬随后循证言北行。五人愿共同护送本批人货到朔北首站军镇的普通转运栈，也想亲手交还亡友遗物、探访遗属，原说这趟到六月底结束；出发前各自给家中留下消息与所需钱物。殷为寻人同行，宁另有巡查。今顾春季重练至行息初成，只能短促发力，不因五人护送就继承原顾军旅本领。贺、叶准备京畿巡教问剑，宋留工坊，程留京赔付办事，沈委章秋屏落实运输。行前陈渡另留一晚与沈吃饭，如实讲过与宁、殷的亲近，也告诉她自己会想她。沈问他今夜来只是因为将远行，还是想见自己；他认真答是想见她。她才拉近他的碗，叮嘱寄信也写吃了什么、碰见什么，别只有缺船缺钱。她留京做完眼前经营，他把这份牵挂带上北路。队伍经桃汀、回雁，认识迁户，却见临工被写作已离开；五卒能护人货通过受袭路段，仍不能凭阵甲查阅所有记录。
BH-U01,这里有人认得顾砚,白河,unit,剧情单元大纲,剧集/03-白河/README.md,五卒先将本批人货交到首站军镇的普通转运栈，随后带着遗物探访旧人。旧同袍请顾砚核原身走过的军路，陈渡坦言记不起，不能冒充原顾多年军旅本领。五卒熟悉昔日军路，却确认其中有灾后新改段，遂付钱请熟悉现状的向导，不把旧经验当作全程答案。杜继续负责队伍配合，今顾接受暂不单独领队。五人在邻近的护送、遗属探访及休整中分配时间，遇共同危险能合阵，不为制造男主独斗而各去遥远地方。宁按巡查抵达，殷忙庇护网，温在相距数日的关镇授课。京中宋为映禾球场修计分牌赚到工钱，回信也有自己的生活。
BH-U02,发过的钱去了哪里,白河,unit,剧情单元大纲,剧集/03-白河/README.md,制靴匠田兰枝看见韩青的旧军袍，先问清他是来交还遗物还是替谁取收条，不肯因旧同袍身份就签空白；她还提醒他欠着修靴钱。亡夫死于另一场守役，与裴昭失世分开。五卒分别把能确认来处的遗物和领支线索交给相应家属，正式给付由有权经办核验，总领款、逐户领取与实付不能混写；陈渡只补亲历。追回的钱先付，余款待查，田继续开铺并准备再婚。韩没有现役核军户权限，也不能替亡友决定遗属该怎样过日子；查访继续指向韩骁及旧封界。
BH-U03,别人的史册不归你管,白河,unit,剧情单元大纲,剧集/03-白河/README.md,朔庭一方保存着独立货程与边城出入记录，却拒绝把原本交给乾朝来访者。他们要求先复核一批被扣商旅，并保证资料不用来另行追捕无关人员。韩、杜以退伍见证者提交自己实际经手的线索，有权关署另按权限逐人审查；陈渡不能凭军引放人，五卒也不能用归旌阵逼交原本。双方在各自见证下比对，证实元年某批货路线与最初急报、口供中的通敌说法不合，也显出封界之后的饥困。换来的资料有范围和条件，强大护送者同样要遵守已经答应的用途。
BH-U04,先过去的人,白河,unit,剧情单元大纲,剧集/03-白河/README.md,"一段受扰通路抹掉实在支撑，将陈渡所在的勘测段与主要人流隔开；五卒就在这段护送中，护住尚存的接续处，不能靠合阵填回缺口。宁若抽离当前物理支撑去接陈渡，老人和伤者便失去退路。她按原定次序完成撤离，明确说自己害怕，却不能先带他走。杜统合接应，韩等从已复测侧线接回陈渡；他仍伤了手臂、丢下测具，数日不能继续原工序。阵能挡修行者抢人，这次危险来自路本身消失。陈渡承受被爱也不一定先获救的处境，没有责问宁。

六月下旬，最初的人货已交首站转运栈，新的遗属探访与保护尚未做完。晚饭间有人说：“原说月底回去，这趟我再陪你走到秋后。”杜听见各人的打算，五人都愿留到九月底；家书说明改期，必要家用已有安排。镜头只留一两句家常接话，不逐人拍续程手续，也不由陈渡或杜替众人答应。七月至九月南返属于这次同行。"
BH-U05,关起来就安全了吗,白河,unit,剧情单元大纲,剧集/03-白河/README.md,陈渡伤势已获准参加有限的低风险核验。宁因后怕，在同门、向导与陈渡都在场的复核会上公开提出三日禁行、两次复测和可随时退出的条件；她也坦言这既有伤势依据，也有自己害怕他再被隔开的私心。陈渡指出短窗会过去、替代人手也会损失信息，两人不是争谁有资格替谁决定，而是把伤势、窗口、地形和可承受代价列进同一张方案。替代队先行只取得部分数据，宁承认自己的预估忽略了时序成本，承担重排核验；陈渡也接受不能把“我能走”当作大家必须同意。修复不是放任冒险，而是让风险、权限和退出条件都对当事人可见。
BH-U06,七夕没有答案,白河,unit,剧情单元大纲,剧集/03-白河/README.md,"殷与陈渡逛边城七夕夜市，谈以后住哪里，一人想常回的小院，一人想沿路停留；没有结论，仍认真过完约会。岳按六月巡查北来，听宁承认不只怕失去人，也怕别人知道自己偏私；旧日误救的教训不能替她抹错，禁止情感也不消除误判。京畿巡教前的问剑中，叶低报腕伤坚持上场却输了，还耽误次日授课，须亲自道歉改期。邵另线任事、宋在京修器，各人家书都有自己的内容。七夕夜不新增袭击或命案。

长京的沈在七夕前收到陈渡六月中旬寄出的家信：有北地难吃的面、他记错的一段曲，也有一句想与她再吃热汤。她闭栈后重读，把回信里的“诸事顺利”划掉，写自己其实也会想他，还写了几件不想让伙计听见的小糗事。信按驿程北送，陈渡晚些时候才收到；不用同夜来回的剪辑假装两地即时说话。沈将长京经营交接好，七月中旬随正常商队北上，为舅父旧案与商栈经手而来，八月上旬才抵北；她也盼着见他，这份盼望不必藏成公事。"
BH-U07,白河并不在门后,白河,unit,剧情单元大纲,剧集/03-白河/README.md,队伍抵达白河，见到残留路基在空处终止；短暂结构重叠只显示局部异常和旧境河湾的一段实景，没有完整旧城可供闯入。雾退的一瞬，对岸有人正撤下低处的渡板、把写有水位刻度的木尺抬离岸边；他们并不朝此处求援，也没有替乾朝人打开道路。随后的对照证明那组刻度与石门故道先退水后涌泥的日期，恰同桃汀桥桩反向受力、回雁山隘返潮相合，第一次提示三处并非各自独立，也提示河湾一侧有自己的岸工、住处和撤离判断。五卒与遗属谈起裴昭及各自失去的人：有人只记得一次接应，有人记得钱袋或雨势，叙述不全却可彼此补证；没有人因军阵或来处天然免于遗忘。陈渡将私读所得的名字仅作为待核方向，再由军中登记与幸存者独立确认，不向众人展示遗信的自断、来客段落，也不能临时拥有未经历的救援记忆。众人去石门屯交接遗属物件、拜访幸存者，发现这里接过白河遗属，如今又收到迁出的勘验。陈渡放弃把失去的人原样带回，转而问现有人能去哪里。
BH-U08,父亲做过的事,白河,unit,剧情单元大纲,剧集/03-白河/README.md,韩骁对照撤守文移与幸存者所述，承认错误执行，也承认顾父最初参与封界；后来的反对不能取消旧责。陆依高留下的交接，由替手补核苏芜医案、药材与守役经手，材料按驿程抵北。温、贺当年求外医的文移与北地实际收验日相差，表明交涉没有按所报落实；谁拖延、谁瞒报仍分别追查。高已赴外县。宁在弱扰动中短暂护住一人，今顾练习时偶感变化，复测却有错；两人的进步都不能逆转死亡，岳随后按秋检计划南返。
BH-U09,把自己的那页也交出来,白河,unit,剧情单元大纲,剧集/03-白河/README.md,"沈抵北，核实舅父确有虚报商损，拘押死亡的材料也已取得一部分，具体经手仍在补核。她按时交出已核账页，同时要求拘押经过、商号后续责任与自己当年只有十岁、非经手人的事实一并留案。陈渡误以为最难的已经过去，急着说下一步终于省心；沈指出自己明日仍要见伙计、面对客商，也还在想那个曾照顾她的舅父。两人的争执在于他没有看见正确决定之后的难过和成本，不在是否应交证、是否替她藏证。

受过舅父提携的章秋屏仍要求先发工钱，再谈追加查访。沈自己决定公布完整账，依法处理商号与本人应承担的财产责任；她十岁时未参与旧事，不能因亲属身份被补作当年经手。章提出实际出资与相应经营权，部分客商暂缓合作，经营仍须继续。那晚陈渡买好两份饭等她，她处理完当日事务才来，先靠在他肩上坐一会儿。争执没有换来一张无责证明，却让两人更清楚对方需要怎样的陪伴，受害者仍可以不原谅。

京畿另一场小型问剑会上，叶先报伤、通过复核再比，凭自己的剑赢一位认真应战的对手；温未在场替她撑名，旧输局和失约授课仍须弥补。她给小满的信只谈染样、工钱和这次真正的胜负。沈与章完成这一段的经手交接，安排八月中旬先随返程商队南下；章继续北路交接，双方保留实际行程。"
BH-U10,未被抄下来的失败,白河,unit,剧情单元大纲,剧集/03-白河/README.md,周顺指向的运料去向与另一地照护记录互证，众人找到原顾没见过的失败、退出、误诊与别法恢复个案：少数异来者的言语与经历确有其事，却从未构成稳定召来法。温、贺曾提供的照料重练、退避和交接也确实存在；原顾把暂时不能亲查误作自己无用，隐瞒最后决定；这一层只由陈渡结合私信在心中判断，观众不能把它当成众人已经共同确认的结论，也不能把主动断籍全部说成无路可走。关于两端既有对应、原顾一侧失稳与现代自然死亡的关联，只在陈渡独自对照自身记忆时作有限推断，并以作者事实另行核对；同伴只接触待核旧例与本地失稳材料，不获他的来处确证。八月十五北地分饼，陈渡独自想起母亲，没有向同伴讲出现代身世，也未找到可用返路。谢只因伤后异常与筛案反应怀疑顾砚可能属于特殊异来个案，未见关键遗信，也无成功承接确证；他仍因失稳经历与资料可能影响计划而申请接管顾府资料。陆要求封存清单与合法范围；分散原件不能由一纸申请收空，温也没有祖谱能直接回答全部谜团。
BH-U11,先生签过的名字,白河,unit,剧情单元大纲,剧集/03-白河/README.md,"三地调相日期、维护工役、渡时与受灾变化互证，河湾对岸的水位刻度与撤岸痕迹又提供一条独立对照，证明桃汀、回雁、石门被强留在同一段旧境后，风险只在确实相连的地点彼此传递；更早灾例同时证明自然变化并非谢创造。工程主事收到现场人数和三地联动数据后，仍签下“先续一段、缩小上报范围”的工期批注；财赋／转运主事明知撤运容量不足，仍先付一班工料、扣住一班可撤人的船；承祐帝收到差额后只作附条件推进、没有暂停旧急令。那份附卷由他亲自圈出未撤口径、期限和旧急令后果：他未必懂全套重境机理，却已经知道到足以作出政治选择。顾家复核令的发出与截回也各留经手和批准痕迹。谢的筛案与跨部门推动责任不再依赖猜测；他仍能指出旧枢确实保住过人口，其他人也各有并非虚假的工程与供给难题。

陈渡将南返，殷还须留下整理旧庇护路线。他盼她同行，听见拒绝仍会失落；她也承认自己希望他留下、想争取同行，却不愿替他决定。两人谈到常回的小院与沿路停留，仍有不同愿望，却没有把尚未找出的办法说成感情已经结束。临别她先抱住他，陈渡将手收紧，直说会想她；殷让他往信里写自己的日子，自己也答应认真回。她留下做事，他南返，实际分途和继续相爱同时发生，下一次相见要靠真正的行程兑现。"
BH-U12,门外的人是来护你的,白河,unit,剧情单元大纲,剧集/03-白河/README.md,谢预先安排的监护者以旧文移要求接走陈渡、收走测记，随行执令修士正式出现，为首者有守一实力。他只看见近场相合和零散旧注，误把“强留三点或可窥天人”当作值得替上命多争一刻的理由；这不是被证实的法门，也没有给他任何新能力。五卒没有先被击散或交出同伴：五人完整归旌，正面挡回强取之手，守住陈渡和现场资料。对方拿不走人，转而要求官署执行所谓监护；军阵能赢这一场攻击，仍不能代替核验文移。温从邻近授业关镇接讯赴场，促成数宗公开见证，陆的有效文移与地方经办厘清权限。谢让出这一轮控制，仍主张封边保粮。温预支来年讲学收入、留北安置。陈渡及五卒八月下旬启程，九月上旬仍在路上，南返与末段护送均在六月已说好的九月底之前；寄回的家书终于能写明回程。该批执令修士留作终局可识别的对手，不新增更高幕后。
ZM-U01,把人带出来以后,众名,unit,剧情单元大纲,剧集/04-众名/README.md,北路材料分别送存，陈渡、宁与五卒沿正常驿程南返，殷留北整理庇护路线。沈按八月中旬的返程安排先行，九月中旬回到长京，重新接起货栈日常，仍须与留北交接的章循程通信。老卒依六月的相约继续护送，轮休、探访和递送在邻近节点安排，不把四人从主线中凭空遣散。程在长京指出空地不等于床位，更不等于生计；映禾只答应自己教得过来的孩子。陈渡收到缺水、药食和走失联系的清单，只能重排到达。顾伯收到平安信先修漏屋，给仍需落脚的老卒留好外院，也听见有人已找到铺面、有人回京畿家中；程守成继续自己的赔付。共同任务不取消每个人的生活。
ZM-U02,可以说出口的以后,众名,unit,剧情单元大纲,剧集/04-众名/README.md,"陈渡与宁在长京吃一顿秋夜的家常饭。他谈起自己记忆里的空缺未必都能补回，仍想把今后的日子安排好，也如实说了与沈的心动、与殷的相爱仍在继续。宁听见会有迟疑，却没有把自己的欢喜说成假事；她告诉他，自己想来的就是这一晚，往后的疑问也会亲口问。两人明确当下不作排他承诺：任何一方可提出边界、暂停或拒绝，不因如实说出已有感情和相处边界受到惩罚。他伸手，她回握，两人认真亲吻。他只说有些想念不知道如何安放，没有借此编造一段属于原顾的亲历；宁安静听着，不擅自替他的旧事补答案。现代母亲与归途只留在陈渡内心，不对宁解释。饭后他们去看陈渡想租的小院，修缮远超预算，只先落实能住与练功的部分；宁在檐下选了个听雨的位置，说下次来还要坐这里。小院是陈渡在此世尝试安顿的住处，不在此场替全部感情确定最终归属。

几日后，陈渡主动把一个晚上留给沈，提早在货栈外等她闭门。她换下白日的外衣，问他这回是否还要说借车借钱；他答只是想见她，沈终于笑着拉他往街上走。两人说起北地那次争吵，她承认自己想要的不止是一个好合作者，他也明确说喜欢她，想与她有案子之外的日子。巷口分别时，她先拉住他的手，他回身靠近，她迎上他的亲吻。商号依旧由沈与实际经手者经营，这次表明爱情不换来对他无限供给的承诺。"
ZM-U03,第一次试验并不成功,众名,unit,剧情单元大纲,剧集/04-众名/README.md,"少数知情自愿住户带着可核联系迁往承接点，五卒护送在场。陈渡刚入照微，能稳定察觉近处扰动，仍不能断言全路安全。桃汀与石门在旧境中仍处同一河湾，试行时两处接合误被同时加力，故道路脱落；同时能见到河湾对岸正按自身季候拆移低岸工棚。军阵也没有新增一块可承重的地面。老卒依据预留第二路接出人员，测桩与物料仍丢失。宋提供的量尺、扣具先经试用，只负责普通测量与修补。众人承认资料和护送战力都不能替工程承压，也不能替另一侧定时，调整错峰与规模，保留失败。谢要求全停，陈渡不将一轮失败改成所有替代都不可能。

九月底，五人把这一程已答应的交接做完，暂别去长京及京畿谋生、探亲。铺面、石工、近程护送各有人做，偶尔仍约一顿饭；陈渡此后要找人须按真实去处送信，不能一推顾府外院门便默认五人随时齐备。"
ZM-U04,粮不会因为有理就自己来,众名,unit,剧情单元大纲,剧集/04-众名/README.md,沈与章秋屏同合伙人、南越供货者和海东船务经手谈运力，对方要支付保证、返程货与明确损耗归属，关口也须实际许可。章先发工钱，列清可用余银，再带出能接替一段货运的伙计；沈不能只下决心便把代价交给下属。运费分期落实后，可运数仍低于希望，陈渡接受修改。海东只提供自身未纳入中央主调的地方航时资料作比对，不交港政。姚春娘换船底后按自己能承受的班次接短程客，不包办整条水路。
ZM-U05,祖师留下的也能拆,众名,unit,剧情单元大纲,剧集/04-众名/README.md,太微匠师提出拆旧构修地方枢，同门担心祖传遗存，住户问完好的碑能否替代断水路；经验证只拆可用部分，保存经手，承担不能复原的损失。岳以曾见撤离因强留接合失控的旧例，坚持永久废弃三处人为共用的调相锚定，并拒绝在复测前把其余接合放大；她反对的不是旧境本身，也不是宁的感情，而是拿未核风险要求别人再信一次。宁与岳、司天台复测，护身侧数息后及时换手；邵负责另一普通承接点，不随时把任务交还宁。工程主事仍以骤停风险反对错峰，双方都不能只靠身份压过实测。贺、叶秋返城西院，按巡教中显出的体力差异重排课程，再练京畿接应。温仍留北，殷逐户说明路线风险。归藏提供身息剑经验，太微负责旧构，宁抵达天人的路无人代教。
ZM-U06,已经转出的那些人,众名,unit,剧情单元大纲,剧集/04-众名/README.md,闭合线报表称三处已完成转出，程收到的到达数与现场经手却不符：仍待接走的人已从后续撤运需求中被结掉。高成礼在外县核实际接入者、到达日与物资，只为本县经手作证；其他地方各自核验，河湾水位与撤岸讯号只作物理对照。这次集中呈现白河所揭授权正在造成的后果：旧工期继续、撤运未补、人数先结，等待纸面纠正会让最后窗口越来越窄。陆将这些新差额接入已经查明的命令与付款链，不让四方责任重新从头论证。承祐帝先想内部换人平息，面对自己圈过未撤口径、期限与旧急令后果的附卷，只能允许更广复核；复核尚不等于撤令。陈渡据此把下一步压到具体接收缺口与可先行的小批上，衔接程在07拒绝虚报和08回雁的实际成功。谢、工程、钱粮与皇权各自的旧责仍在，亲历和物理异常也不能替代多地实际点收。
ZM-U07,你信我，还是把人点清,众名,unit,剧情单元大纲,剧集/04-众名/README.md,陈渡为抢一班车催程先报接收，程拒绝，说熟悉朋友不能代替知道每个去处。他宁可承担延期，也不把床位写成已经有了；陈渡亲自补齐缺口后，程才签字。北路闻策企图毁掉债约和拘人经手，九川中有人趁乱占失名者货产。殷保护证人、交出她所经手的联络与流程记录，宁可让自己曾误信的流程缺口被核出，也不重新用扣人解决。具体执行者被查，护路工作仍交给愿受核验的其他行会成员，不把整派人物一并抹成恶人。
ZM-U08,先让一处真正接上,众名,unit,剧情单元大纲,剧集/04-众名/README.md,回雁复测和粮床准备已有结果，其他两处仍在核验。陈渡据此推测可以先承接一小批，推动本段先行，不等全线材料齐备；维护者按本地实测核定规模。调整后的回雁段完成这一批迁入，接收地有真实经手继续联系；旧境一侧也以约定时段的停用灯讯确认自身岸工已退到安全线，双方都没有把这次成功当作可无限加人的通道，留下的一段道路仍不得通行。带日期的成功结果沿驿路送回，各地只按已经收到的信息行动。殷带自愿南迁者沿原定节点推进，并把北地交接留给能独立负责的人。工程主事失去“只有自己的工班和算法做成过”的优势，财赋线也看见可支付的替代运输；谢要求以中央统一接管地方资料，各经手依据新获批的复核范围拒绝交出全部原本，保留可持续互查的副录。
ZM-U09,少带一车东西,众名,unit,剧情单元大纲,剧集/04-众名/README.md,"寒潮显示余量低于预期，谢和工程主事对风险的判断都有根据；钱粮线则坚持已付款项和工料若骤停会反噬更多地方。温继续履北地安置约，护石门、回雁撤出，不能回京救徒；贺带叶守京畿南侧接应。五卒已于十月下旬分别收到筹备消息，各自交接京中、京畿的近程工作，预留一至七日路程，于冬月上旬陆续抵桃汀；再聚吃饭时，有人先炫耀自家新挂的招牌。此时五人在桃汀护送修枢人员和撤离组，验看阵甲、轮息休整，临战能正常齐阵；他们不同时出现在北地另一队里。沈、章调整运力，家产、旧构与部分粮车仍须放弃，田兰枝也要选制靴家当。殷随南迁末段抵京畿，姚承担约好的短渡。陈渡向想回取物的人说明限制，接受不满。

完成当日交接后，殷在约好的暖棚外看见陈渡。他提前等在这里，手里是她信中说想吃的热食。她原备了一路玩笑，走近却先抱住他；他回抱，两人停了片刻才说话。她问他信里那折新曲到底好不好听，他约好救援告一段落就陪她去。重逢留下真实的欢喜与亲吻，也没有使她抛下尚未交接的人。各自做完这一班事，他们仍会回到彼此面前。"
ZM-U10,还由谁发令,众名,unit,剧情单元大纲,剧集/04-众名/README.md,谢认为等待完整撤离将错过窗口，推动提前闭合，令桃汀未迁居民成为不许再申报的余压出口；工程主事担心骤停，财赋／转运主事仍按旧交割，承祐帝的旧急令也尚未正式撤回。白河末已经出现的守一执令修士按预发急令来接管修枢组、取走维护者；他把强并误作窥见天人的机会，拒绝承认回雁的成功已证明必须尊重两侧时序。五卒完整结归旌阵，正面挡住包括守一在内的攻击，迫使对方退开。人和现场都没被夺走，才能继续拆危险强续、修枢撤人；不是先被打散再等温或宁救场。独立报告抵达后，兵部、司天台与案所依新授权解除谢以专案担保、门生信任和筛案协调形成的单线指令通道，承祐帝须明确撤回旧急令，工程与钱粮经手则各自重签能维持必要枢位、又不预结活人的交接；五卒不代替官署审判。仍有人拒认新交接，冲突尚待收束。谢交出有限校准补注，众人已有方案才用得上；他的实绩不再替别人决定生死。
ZM-U11,三十息,众名,unit,剧情单元大纲,剧集/04-众名/README.md,主录优先分段退出，桃汀最后一段危险强续被拆开；五卒经过正常轮息休整，五人再齐结归旌，正面击退拒不停止接管的执令修士，守住护送组和已修好的承接处。杜领阵、韩在阵中，顾砚不充第六阵眼；老卒赢下这一战后，仍须承受旧伤反应与阵甲损耗，不集体战死或立即满力追远逃敌。与此同时通道局部脱落，阵挡不住地面失托，末组停在断面；宁在既有接合、本地方法、地方枢和多人接应同时具备时，以入世之道天人初证，身周三丈、最多三十息稳住有限区域，五卒守住人为攻击使这段救援能完成。断面另一侧的河湾维护者也照自己的停用讯号撤开低岸工事；他们没有闯入当世、没有替任何人开门，只让双方都确认这条联系已不能继续透支。陈渡放弃个人物件和修院木料，沿勘过短线以回身挡开近处弹回的木杆，将侧后一人送到五卒守住的接续处；有支撑之后才由韩等接过，不离阵追物。贺、叶接南侧人流，殷与居民领路，沈车队分送，程在安全侧核收；温仍在北，宋留京修工具。宁耗竭不能重开，军阵胜仗也不能让失路回来。
ZM-U12,灯还要有人照看,众名,unit,剧情单元大纲,剧集/04-众名/README.md,"地方确认承接，两侧各自把负荷、期限、退出和停用条件留下记录；工程人员继续值夜，消失的路不回来。宁双手震颤数日，之后按恢复状况参与普通轮值，同级负荷的数月限制仍延续到《渡世》；陈渡照料却不替她选前途，她也会主动留下他吃饭、再听一段没讲完的故事。沈与章按约结账、让商号继续开门，陈渡如约去陪她过一个没有清单要核的闭栈晚；两人仍会为做菜口味拌嘴，沈拉近他的座位。殷交好一段庇护工作后，与陈渡去听完重逢时约的曲，牵手走出戏院，下一次远行仍照实告知。三段爱情都有持续投入和私人相见，不由一次救援胜利替他们决定终身形式。

五卒都活着，分别养伤、修阵甲，完成救援交接后回亲人身边和自己的铺子；补偿与伤后照料确有着落。有人下次聚饭来迟，是铺子还没关，杜这次先给石盛热饭，不再要求全桌等齐。温按北地过冬的承诺继续安置，贺筹备下一程剑塾，叶按真实状态练习，宋在京中接到普通返修与新订单。程与老卒完成受托交接，殷继续改造能退出的庇护网，审理和赔付持续。年初收到一份以顾砚名义作担保、由河湾退回的复验邀约：其中删掉了原报告的不可复制与限定范围。这个新经手行为引出《渡世》，不是谢的新密令。

本单元止于十三年正月，不跳到十四年上元。温归来后的授业、宋第一批稳定回头客、各人经营成熟后的相见与现代亲友尾声，移至第七篇《经世》回收。下面终点表保留为全剧人物结局方向，不能都挤在众名末集发生。"
